grade_level,subject,grade_level_momentum,BOY,MOY,EOY,SOL
4,Math,Grade 4,1418,1475,1433,229
4,Math,Grade 4,1418,1485,1482,246
4,Math,Grade 4,1388,1485,1353,248
4,Math,Grade 4,1466,1441,1491,249
4,Math,Grade 4,1435,1511,1517,260
4,Math,Grade 4,1388,1408,1491,261
4,Math,Grade 4,1375,1453,1482,263
4,Math,Grade 4,1375,1553,1491,265
4,Math,Grade 4,1408,1408,1491,270
4,Math,Grade 4,1375,1441,1491,271
4,Math,Grade 4,1426,1465,1415,271
4,Math,Grade 4,1443,1494,1517,272
4,Math,Grade 4,1375,1385,1471,272
4,Math,Grade 4,1408,1441,1482,275
4,Math,Grade 4,1408,1426,1433,275
4,Math,Grade 4,1375,1385,1460,276
4,Math,Grade 4,1388,1426,1604,279
4,Math,Grade 4,1443,1426,1482,280
4,Math,Grade 4,1504,1485,1471,281
4,Math,Grade 4,1418,1465,1460,281
4,Math,Grade 4,1435,1475,1500,282
4,Math,Grade 4,1408,1408,1415,283
4,Math,Grade 4,1451,1494,1500,285
4,Math,Grade 4,1361,1494,1471,285
4,Math,Grade 4,1480,1465,1471,286
4,Math,Grade 4,1418,1453,1433,286
4,Math,Grade 4,1361,1426,1471,287
4,Math,Grade 4,1474,1494,1460,287
4,Math,Grade 4,1344,1475,1471,288
4,Math,Grade 4,1426,1465,1460,288
4,Math,Grade 4,1426,1453,1500,289
4,Math,Grade 4,1388,1426,1460,289
4,Math,Grade 4,1388,1523,1460,290
4,Math,Grade 4,1399,1426,1460,290
4,Math,Grade 4,1435,1519,1482,290
4,Math,Grade 4,1466,1453,1471,290
4,Math,Grade 4,1466,1599,1604,290
4,Math,Grade 4,1399,1485,1471,291
4,Math,Grade 4,1388,1453,1433,291
4,Math,Grade 4,1388,1453,1391,292
4,Math,Grade 4,1418,1511,1471,292
4,Math,Grade 4,1418,1441,1471,294
4,Math,Grade 4,1418,1441,1415,294
4,Math,Grade 4,1375,1441,1460,295
4,Math,Grade 4,1435,1441,1448,295
4,Math,Grade 4,1426,1453,1448,295
4,Math,Grade 4,1388,1441,1460,296
4,Math,Grade 4,1431,1475,1433,297
4,Math,Grade 4,1418,1519,1471,298
4,Math,Grade 4,1443,1485,1460,298
4,Math,Grade 4,1361,1494,1471,298
4,Math,Grade 4,1418,1426,1448,299
4,Math,Grade 4,1375,1465,1433,299
4,Math,Grade 4,1435,1453,1471,299
4,Math,Grade 4,1388,1426,1433,299
4,Math,Grade 4,1418,1581,1500,300
4,Math,Grade 4,1375,1453,1415,300
4,Math,Grade 4,1435,1465,1500,301
4,Math,Grade 4,1426,1485,1491,301
4,Math,Grade 4,1399,1441,1448,301
4,Math,Grade 4,1399,1453,1433,302
4,Math,Grade 4,1361,1426,1471,302
4,Math,Grade 4,1408,1465,1491,303
4,Math,Grade 4,1458,1485,1482,303
4,Math,Grade 4,1443,1502,1525,303
4,Math,Grade 4,1418,1441,1491,303
4,Math,Grade 4,1489,1511,1542,304
4,Math,Grade 4,1435,1441,1448,304
4,Math,Grade 4,1426,1465,1500,304
4,Math,Grade 4,1418,1453,1491,305
4,Math,Grade 4,1408,1453,1482,305
4,Math,Grade 4,1418,1494,1482,305
4,Math,Grade 4,1375,1485,1491,305
4,Math,Grade 4,1388,1453,1433,306
4,Math,Grade 4,1418,1441,1500,306
4,Math,Grade 4,1388,1494,1482,306
4,Math,Grade 4,1388,1511,1509,306
4,Math,Grade 4,1399,1453,1448,307
4,Math,Grade 4,1458,1494,1460,307
4,Math,Grade 4,1408,1385,1460,307
4,Math,Grade 4,1435,1485,1460,307
4,Math,Grade 4,1426,1485,1460,307
4,Math,Grade 4,1418,1426,1482,308
4,Math,Grade 4,1418,1465,1482,308
4,Math,Grade 4,1418,1408,1448,308
4,Math,Grade 4,1399,1475,1482,309
4,Math,Grade 4,1466,1527,1545,309
4,Math,Grade 4,1435,1475,1460,309
4,Math,Grade 4,1408,1475,1433,309
4,Math,Grade 4,1388,1441,1415,309
4,Math,Grade 4,1451,1475,1415,309
4,Math,Grade 4,1418,1494,1500,309
4,Math,Grade 4,1375,1482,1482,310
4,Math,Grade 4,1435,1485,1448,310
4,Math,Grade 4,1435,1453,1491,310
4,Math,Grade 4,1443,1485,1448,311
4,Math,Grade 4,1466,1475,1471,311
4,Math,Grade 4,1408,1511,1391,311
4,Math,Grade 4,1388,1441,1460,311
4,Math,Grade 4,1443,1599,1562,311
4,Math,Grade 4,1418,1441,1415,311
4,Math,Grade 4,1426,1441,1460,312
4,Math,Grade 4,1361,1502,1482,312
4,Math,Grade 4,1451,1465,1509,312
4,Math,Grade 4,1451,1533,1482,312
4,Math,Grade 4,1435,1426,1448,312
4,Math,Grade 4,1474,1494,1471,313
4,Math,Grade 4,1399,1441,1460,313
4,Math,Grade 4,1435,1465,1415,313
4,Math,Grade 4,1443,1475,1448,313
4,Math,Grade 4,1321,1441,1448,313
4,Math,Grade 4,1481,1502,1579,313
4,Math,Grade 4,1399,1494,1482,313
4,Math,Grade 4,1408,1453,1509,313
4,Math,Grade 4,1458,1441,1482,313
4,Math,Grade 4,1408,1485,1471,314
4,Math,Grade 4,1418,1475,1491,314
4,Math,Grade 4,1426,1475,1509,314
4,Math,Grade 4,1443,1465,1460,314
4,Math,Grade 4,1435,1465,1491,314
4,Math,Grade 4,1418,1485,1448,315
4,Math,Grade 4,1418,1494,1471,315
4,Math,Grade 4,1408,1502,1460,315
4,Math,Grade 4,1494,1426,1482,315
4,Math,Grade 4,1418,1485,1491,315
4,Math,Grade 4,1426,1494,1509,316
4,Math,Grade 4,1408,1475,1482,316
4,Math,Grade 4,1466,1453,1500,316
4,Math,Grade 4,1426,1465,1482,316
4,Math,Grade 4,1443,1453,1509,316
4,Math,Grade 4,1426,1502,1471,317
4,Math,Grade 4,1451,1475,1500,317
4,Math,Grade 4,1435,1441,1471,317
4,Math,Grade 4,1426,1523,1471,317
4,Math,Grade 4,1408,1494,1491,317
4,Math,Grade 4,1426,1553,1491,317
4,Math,Grade 4,1426,1408,1509,317
4,Math,Grade 4,1443,1485,1491,318
4,Math,Grade 4,1399,1465,1482,318
4,Math,Grade 4,1399,1465,1491,318
4,Math,Grade 4,1408,1511,1448,318
4,Math,Grade 4,1435,1426,1482,318
4,Math,Grade 4,1435,1581,1460,318
4,Math,Grade 4,1399,1453,1460,318
4,Math,Grade 4,1408,1441,1448,319
4,Math,Grade 4,1451,1441,1448,319
4,Math,Grade 4,1399,1408,1448,319
4,Math,Grade 4,1418,1475,1500,319
4,Math,Grade 4,1426,1441,1500,319
4,Math,Grade 4,1443,1465,1509,319
4,Math,Grade 4,1443,1485,1482,320
4,Math,Grade 4,1458,1511,1491,320
4,Math,Grade 4,1474,1494,1482,320
4,Math,Grade 4,1399,1502,1517,320
4,Math,Grade 4,1418,1441,1482,320
4,Math,Grade 4,1418,1441,1482,320
4,Math,Grade 4,1466,1544,1482,321
4,Math,Grade 4,1465,1426,1433,321
4,Math,Grade 4,1443,1426,1482,321
4,Math,Grade 4,1435,1475,1471,321
4,Math,Grade 4,1418,1552,1448,321
4,Math,Grade 4,1399,1441,1517,321
4,Math,Grade 4,1486,1494,1460,321
4,Math,Grade 4,1408,1441,1509,321
4,Math,Grade 4,1426,1475,1448,322
4,Math,Grade 4,1399,1441,1433,322
4,Math,Grade 4,1399,1465,1482,322
4,Math,Grade 4,1443,1475,1525,322
4,Math,Grade 4,1418,1502,1448,322
4,Math,Grade 4,1388,1607,1571,322
4,Math,Grade 4,1443,1426,1471,322
4,Math,Grade 4,1418,1494,1509,323
4,Math,Grade 4,1408,1426,1415,323
4,Math,Grade 4,1443,1475,1482,323
4,Math,Grade 4,1426,1465,1471,323
4,Math,Grade 4,1482,1475,1448,323
4,Math,Grade 4,1418,1475,1460,324
4,Math,Grade 4,1361,1408,1500,324
4,Math,Grade 4,1426,1426,1482,324
4,Math,Grade 4,1399,1453,1448,324
4,Math,Grade 4,1497,1511,1482,324
4,Math,Grade 4,1388,1502,1482,324
4,Math,Grade 4,1435,1453,1482,324
4,Math,Grade 4,1388,1441,1491,324
4,Math,Grade 4,1474,1475,1509,324
4,Math,Grade 4,1388,1385,1471,324
4,Math,Grade 4,1474,1453,1471,324
4,Math,Grade 4,1435,1453,1433,324
4,Math,Grade 4,1426,1408,1460,325
4,Math,Grade 4,1509,1511,1433,325
4,Math,Grade 4,1418,1475,1526,325
4,Math,Grade 4,1466,1485,1433,325
4,Math,Grade 4,1399,1453,1415,325
4,Math,Grade 4,1472,1485,1509,325
4,Math,Grade 4,1399,1502,1482,325
4,Math,Grade 4,1399,1453,1460,326
4,Math,Grade 4,1426,1475,1460,326
4,Math,Grade 4,1552,1475,1509,326
4,Math,Grade 4,1443,1441,1471,326
4,Math,Grade 4,1399,1502,1448,326
4,Math,Grade 4,1399,1465,1482,326
4,Math,Grade 4,1443,1511,1491,326
4,Math,Grade 4,1426,1441,1471,326
4,Math,Grade 4,1435,1527,1482,326
4,Math,Grade 4,1418,1475,1482,326
4,Math,Grade 4,1458,1441,1482,326
4,Math,Grade 4,1408,1485,1471,326
4,Math,Grade 4,1399,1485,1500,326
4,Math,Grade 4,1435,1485,1471,326
4,Math,Grade 4,1399,1475,1460,327
4,Math,Grade 4,1435,1485,1460,327
4,Math,Grade 4,1426,1426,1471,327
4,Math,Grade 4,1451,1441,1460,327
4,Math,Grade 4,1408,1453,1471,327
4,Math,Grade 4,1435,1475,1460,327
4,Math,Grade 4,1426,1475,1482,327
4,Math,Grade 4,1375,1475,1433,327
4,Math,Grade 4,1435,1572,1562,328
4,Math,Grade 4,1418,1536,1482,328
4,Math,Grade 4,1426,1426,1500,328
4,Math,Grade 4,1435,1408,1509,328
4,Math,Grade 4,1399,1453,1433,328
4,Math,Grade 4,1426,1426,1509,328
4,Math,Grade 4,1408,1494,1482,328
4,Math,Grade 4,1426,1465,1509,328
4,Math,Grade 4,1474,1494,1482,328
4,Math,Grade 4,1399,1494,1460,328
4,Math,Grade 4,1451,1485,1482,329
4,Math,Grade 4,1435,1485,1517,329
4,Math,Grade 4,1426,1485,1471,329
4,Math,Grade 4,1408,1408,1460,329
4,Math,Grade 4,1418,1485,1471,329
4,Math,Grade 4,1443,1485,1353,329
4,Math,Grade 4,1443,1519,1415,329
4,Math,Grade 4,1399,1441,1491,329
4,Math,Grade 4,1435,1453,1460,329
4,Math,Grade 4,1418,1441,1471,329
4,Math,Grade 4,1375,1465,1500,329
4,Math,Grade 4,1435,1453,1482,330
4,Math,Grade 4,1504,1441,1448,330
4,Math,Grade 4,1388,1441,1500,330
4,Math,Grade 4,1418,1441,1482,330
4,Math,Grade 4,1399,1453,1353,331
4,Math,Grade 4,1451,1465,1448,331
4,Math,Grade 4,1435,1502,1471,331
4,Math,Grade 4,1408,1441,1460,331
4,Math,Grade 4,1399,1408,1448,331
4,Math,Grade 4,1375,1441,1509,331
4,Math,Grade 4,1418,1426,1460,331
4,Math,Grade 4,1388,1475,1482,331
4,Math,Grade 4,1399,1426,1491,331
4,Math,Grade 4,1443,1485,1460,331
4,Math,Grade 4,1443,1426,1500,331
4,Math,Grade 4,1435,1475,1482,331
4,Math,Grade 4,1458,1485,1500,332
4,Math,Grade 4,1418,1475,1471,332
4,Math,Grade 4,1375,1475,1471,332
4,Math,Grade 4,1375,1485,1482,332
4,Math,Grade 4,1418,1471,1408,332
4,Math,Grade 4,1375,1426,1500,332
4,Math,Grade 4,1497,1475,1460,332
4,Math,Grade 4,1399,1494,1491,332
4,Math,Grade 4,1408,1475,1460,332
4,Math,Grade 4,1418,1441,1415,332
4,Math,Grade 4,1399,1453,1500,333
4,Math,Grade 4,1375,1485,1482,333
4,Math,Grade 4,1435,1441,1482,333
4,Math,Grade 4,1399,1441,1391,333
4,Math,Grade 4,1399,1441,1448,333
4,Math,Grade 4,1418,1453,1460,333
4,Math,Grade 4,1451,1426,1471,333
4,Math,Grade 4,1435,1485,1471,333
4,Math,Grade 4,1466,1511,1471,334
4,Math,Grade 4,1408,1511,1482,334
4,Math,Grade 4,1435,1465,1482,334
4,Math,Grade 4,1443,1511,1491,334
4,Math,Grade 4,1443,1494,1500,334
4,Math,Grade 4,1448,1494,1448,334
4,Math,Grade 4,1399,1494,1460,334
4,Math,Grade 4,1399,1385,1460,334
4,Math,Grade 4,1399,1441,1460,334
4,Math,Grade 4,1361,1441,1460,334
4,Math,Grade 4,1408,1465,1460,334
4,Math,Grade 4,1426,1408,1448,335
4,Math,Grade 4,1466,1453,1517,335
4,Math,Grade 4,1426,1426,1482,335
4,Math,Grade 4,1426,1453,1433,335
4,Math,Grade 4,1474,1497,1554,335
4,Math,Grade 4,1388,1475,1471,335
4,Math,Grade 4,1418,1465,1471,335
4,Math,Grade 4,1458,1494,1471,335
4,Math,Grade 4,1418,1511,1491,336
4,Math,Grade 4,1435,1441,1471,336
4,Math,Grade 4,1418,1527,1525,336
4,Math,Grade 4,1408,1426,1491,336
4,Math,Grade 4,1408,1511,1509,336
4,Math,Grade 4,1418,1523,1482,336
4,Math,Grade 4,1388,1453,1460,336
4,Math,Grade 4,1435,1408,1482,336
4,Math,Grade 4,1375,1453,1471,336
4,Math,Grade 4,1408,1475,1491,336
4,Math,Grade 4,1466,1426,1482,336
4,Math,Grade 4,1457,1494,1500,336
4,Math,Grade 4,1361,1465,1491,336
4,Math,Grade 4,1466,1527,1460,336
4,Math,Grade 4,1361,1435,1554,337
4,Math,Grade 4,1482,1441,1482,337
4,Math,Grade 4,1451,1502,1415,337
4,Math,Grade 4,1443,1485,1471,337
4,Math,Grade 4,1458,1475,1471,337
4,Math,Grade 4,1399,1453,1471,337
4,Math,Grade 4,1399,1485,1460,337
4,Math,Grade 4,1361,1485,1491,337
4,Math,Grade 4,1388,1460,1441,337
4,Math,Grade 4,1443,1465,1509,337
4,Math,Grade 4,1418,1485,1433,337
4,Math,Grade 4,1408,1426,1509,337
4,Math,Grade 4,1443,1494,1509,337
4,Math,Grade 4,1435,1494,1571,338
4,Math,Grade 4,1418,1485,1545,338
4,Math,Grade 4,1435,1465,1509,338
4,Math,Grade 4,1408,1485,1491,338
4,Math,Grade 4,1426,1475,1448,338
4,Math,Grade 4,1408,1485,1471,338
4,Math,Grade 4,1418,1441,1500,338
4,Math,Grade 4,1426,1536,1500,339
4,Math,Grade 4,1408,1408,1415,339
4,Math,Grade 4,1451,1485,1491,339
4,Math,Grade 4,1458,1494,1471,339
4,Math,Grade 4,1474,1502,1545,339
4,Math,Grade 4,1466,1475,1482,339
4,Math,Grade 4,1418,1485,1460,339
4,Math,Grade 4,1399,1494,1482,340
4,Math,Grade 4,1451,1465,1500,340
4,Math,Grade 4,1399,1441,1433,340
4,Math,Grade 4,1435,1465,1500,340
4,Math,Grade 4,1435,1475,1536,340
4,Math,Grade 4,1435,1485,1491,340
4,Math,Grade 4,1435,1426,1482,340
4,Math,Grade 4,1418,1475,1500,340
4,Math,Grade 4,1451,1544,1460,340
4,Math,Grade 4,1388,1485,1460,340
4,Math,Grade 4,1451,1519,1491,340
4,Math,Grade 4,1435,1465,1460,340
4,Math,Grade 4,1458,1475,1542,341
4,Math,Grade 4,1435,1385,1482,341
4,Math,Grade 4,1451,1426,1491,341
4,Math,Grade 4,1408,1426,1526,341
4,Math,Grade 4,1426,1475,1482,341
4,Math,Grade 4,1399,1485,1517,341
4,Math,Grade 4,1375,1494,1460,341
4,Math,Grade 4,1443,1485,1482,341
4,Math,Grade 4,1426,1453,1471,341
4,Math,Grade 4,1399,1465,1460,341
4,Math,Grade 4,1435,1494,1391,341
4,Math,Grade 4,1443,1408,1491,341
4,Math,Grade 4,1408,1465,1471,341
4,Math,Grade 4,1443,1453,1491,342
4,Math,Grade 4,1443,1511,1491,342
4,Math,Grade 4,1399,1426,1525,342
4,Math,Grade 4,1375,1494,1448,342
4,Math,Grade 4,1489,1426,1509,342
4,Math,Grade 4,1443,1572,1509,342
4,Math,Grade 4,1399,1485,1491,342
4,Math,Grade 4,1426,1465,1482,342
4,Math,Grade 4,1408,1485,1558,342
4,Math,Grade 4,1489,1502,1482,342
4,Math,Grade 4,1435,1485,1460,342
4,Math,Grade 4,1451,1465,1707,342
4,Math,Grade 4,1451,1426,1482,342
4,Math,Grade 4,1388,1494,1460,342
4,Math,Grade 4,1399,1441,1460,342
4,Math,Grade 4,1474,1502,1482,342
4,Math,Grade 4,1408,1426,1471,342
4,Math,Grade 4,1451,1475,1517,343
4,Math,Grade 4,1426,1475,1562,343
4,Math,Grade 4,1426,1453,1415,343
4,Math,Grade 4,1408,1453,1500,343
4,Math,Grade 4,1435,1453,1433,343
4,Math,Grade 4,1408,1453,1491,343
4,Math,Grade 4,1466,1475,1509,343
4,Math,Grade 4,1408,1426,1448,343
4,Math,Grade 4,1466,1485,1542,343
4,Math,Grade 4,1408,1465,1509,343
4,Math,Grade 4,1388,1426,1433,343
4,Math,Grade 4,1408,1465,1460,343
4,Math,Grade 4,1451,1441,1509,343
4,Math,Grade 4,1458,1408,1448,343
4,Math,Grade 4,1443,1453,1491,344
4,Math,Grade 4,1426,1465,1471,344
4,Math,Grade 4,1408,1465,1415,344
4,Math,Grade 4,1458,1494,1509,344
4,Math,Grade 4,1451,1485,1482,344
4,Math,Grade 4,1435,1485,1482,344
4,Math,Grade 4,1388,1590,1596,344
4,Math,Grade 4,1388,1453,1482,344
4,Math,Grade 4,1443,1494,1509,344
4,Math,Grade 4,1361,1453,1448,344
4,Math,Grade 4,1451,1544,1554,345
4,Math,Grade 4,1399,1494,1491,345
4,Math,Grade 4,1408,1453,1500,345
4,Math,Grade 4,1399,1408,1433,345
4,Math,Grade 4,1451,1453,1471,345
4,Math,Grade 4,1388,1519,1433,345
4,Math,Grade 4,1408,1485,1448,345
4,Math,Grade 4,1408,1426,1525,345
4,Math,Grade 4,1375,1475,1448,345
4,Math,Grade 4,1466,1502,1448,345
4,Math,Grade 4,1458,1441,1482,345
4,Math,Grade 4,1435,1569,1631,346
4,Math,Grade 4,1451,1485,1491,346
4,Math,Grade 4,1451,1465,1460,346
4,Math,Grade 4,1388,1426,1471,346
4,Math,Grade 4,1458,1519,1534,346
4,Math,Grade 4,1435,1465,1415,346
4,Math,Grade 4,1435,1453,1460,346
4,Math,Grade 4,1451,1485,1448,346
4,Math,Grade 4,1443,1465,1509,346
4,Math,Grade 4,1399,1441,1509,347
4,Math,Grade 4,1489,1519,1579,347
4,Math,Grade 4,1443,1485,1662,347
4,Math,Grade 4,1435,1533,1482,347
4,Math,Grade 4,1418,1502,1491,347
4,Math,Grade 4,1435,1465,1517,347
4,Math,Grade 4,1418,1465,1448,347
4,Math,Grade 4,1435,1426,1482,347
4,Math,Grade 4,1451,1527,1525,347
4,Math,Grade 4,1458,1502,1482,347
4,Math,Grade 4,1511,1485,1500,347
4,Math,Grade 4,1451,1475,1433,347
4,Math,Grade 4,1443,1441,1471,348
4,Math,Grade 4,1418,1519,1471,348
4,Math,Grade 4,1388,1441,1482,348
4,Math,Grade 4,1418,1494,1491,348
4,Math,Grade 4,1435,1494,1500,348
4,Math,Grade 4,1451,1485,1482,348
4,Math,Grade 4,1418,1485,1482,348
4,Math,Grade 4,1418,1453,1509,348
4,Math,Grade 4,1408,1569,1579,348
4,Math,Grade 4,1435,1475,1500,348
4,Math,Grade 4,1466,1485,1491,348
4,Math,Grade 4,1408,1494,1491,349
4,Math,Grade 4,1458,1453,1471,349
4,Math,Grade 4,1458,1502,1460,349
4,Math,Grade 4,1399,1453,1500,349
4,Math,Grade 4,1458,1475,1471,349
4,Math,Grade 4,1399,1426,1471,350
4,Math,Grade 4,1388,1502,1500,350
4,Math,Grade 4,1399,1475,1471,350
4,Math,Grade 4,1399,1485,1536,350
4,Math,Grade 4,1418,1502,1491,350
4,Math,Grade 4,1451,1502,1534,350
4,Math,Grade 4,1375,1485,1448,350
4,Math,Grade 4,1375,1465,1433,350
4,Math,Grade 4,1418,1485,1542,350
4,Math,Grade 4,1451,1511,1471,350
4,Math,Grade 4,1474,1453,1460,350
4,Math,Grade 4,1435,1465,1500,350
4,Math,Grade 4,1443,1408,1460,350
4,Math,Grade 4,1408,1465,1491,351
4,Math,Grade 4,1388,1385,1509,351
4,Math,Grade 4,1458,1502,1471,351
4,Math,Grade 4,1435,1519,1500,351
4,Math,Grade 4,1388,1519,1482,351
4,Math,Grade 4,1474,1485,1482,351
4,Math,Grade 4,1426,1475,1460,351
4,Math,Grade 4,1451,1511,1491,351
4,Math,Grade 4,1435,1465,1509,351
4,Math,Grade 4,1451,1465,1482,351
4,Math,Grade 4,1435,1453,1651,351
4,Math,Grade 4,1451,1441,1471,351
4,Math,Grade 4,1466,1408,1471,351
4,Math,Grade 4,1344,1485,1491,351
4,Math,Grade 4,1451,1519,1460,352
4,Math,Grade 4,1408,1511,1482,352
4,Math,Grade 4,1418,1502,1491,352
4,Math,Grade 4,1458,1475,1491,352
4,Math,Grade 4,1466,1453,1542,352
4,Math,Grade 4,1435,1494,1471,352
4,Math,Grade 4,1426,1453,1509,352
4,Math,Grade 4,1451,1453,1482,352
4,Math,Grade 4,1426,1485,1536,352
4,Math,Grade 4,1494,1453,1482,352
4,Math,Grade 4,1443,1441,1482,352
4,Math,Grade 4,1443,1494,1471,352
4,Math,Grade 4,1443,1485,1433,352
4,Math,Grade 4,1451,1485,1482,352
4,Math,Grade 4,1435,1485,1433,352
4,Math,Grade 4,1418,1441,1415,352
4,Math,Grade 4,1489,1494,1571,353
4,Math,Grade 4,1435,1453,1500,353
4,Math,Grade 4,1361,1475,1500,353
4,Math,Grade 4,1435,1453,1542,353
4,Math,Grade 4,1375,1494,1471,353
4,Math,Grade 4,1388,1475,1448,353
4,Math,Grade 4,1435,1453,1491,353
4,Math,Grade 4,1408,1441,1460,353
4,Math,Grade 4,1451,1485,1579,353
4,Math,Grade 4,1481,1441,1482,353
4,Math,Grade 4,1443,1465,1500,353
4,Math,Grade 4,1435,1511,1517,354
4,Math,Grade 4,1443,1453,1448,354
4,Math,Grade 4,1451,1465,1517,354
4,Math,Grade 4,1480,1441,1415,354
4,Math,Grade 4,1451,1453,1471,354
4,Math,Grade 4,1435,1465,1471,354
4,Math,Grade 4,1474,1494,1482,354
4,Math,Grade 4,1474,1485,1542,354
4,Math,Grade 4,1481,1494,1491,354
4,Math,Grade 4,1408,1475,1482,354
4,Math,Grade 4,1435,1511,1517,354
4,Math,Grade 4,1443,1453,1448,354
4,Math,Grade 4,1458,1494,1433,354
4,Math,Grade 4,1443,1511,1500,354
4,Math,Grade 4,1465,1475,1491,354
4,Math,Grade 4,1458,1475,1415,354
4,Math,Grade 4,1480,1465,1491,354
4,Math,Grade 4,1458,1453,1415,354
4,Math,Grade 4,1481,1502,1509,354
4,Math,Grade 4,1466,1519,1534,355
4,Math,Grade 4,1435,1502,1550,355
4,Math,Grade 4,1418,1465,1460,355
4,Math,Grade 4,1443,1485,1460,355
4,Math,Grade 4,1408,1475,1482,355
4,Math,Grade 4,1489,1519,1509,355
4,Math,Grade 4,1418,1453,1500,355
4,Math,Grade 4,1451,1511,1491,355
4,Math,Grade 4,1435,1475,1460,355
4,Math,Grade 4,1408,1441,1482,355
4,Math,Grade 4,1426,1465,1491,355
4,Math,Grade 4,1435,1453,1509,356
4,Math,Grade 4,1426,1502,1491,356
4,Math,Grade 4,1426,1511,1448,356
4,Math,Grade 4,1426,1485,1491,356
4,Math,Grade 4,1399,1475,1534,356
4,Math,Grade 4,1443,1475,1509,356
4,Math,Grade 4,1458,1441,1482,356
4,Math,Grade 4,1458,1475,1471,356
4,Math,Grade 4,1435,1385,1482,356
4,Math,Grade 4,1443,1465,1448,356
4,Math,Grade 4,1458,1485,1471,356
4,Math,Grade 4,1408,1502,1562,356
4,Math,Grade 4,1408,1426,1491,356
4,Math,Grade 4,1443,1502,1534,356
4,Math,Grade 4,1418,1465,1482,357
4,Math,Grade 4,1443,1465,1482,357
4,Math,Grade 4,1435,1465,1536,357
4,Math,Grade 4,1435,1485,1482,357
4,Math,Grade 4,1458,1475,1517,357
4,Math,Grade 4,1361,1453,1433,357
4,Math,Grade 4,1426,1511,1509,357
4,Math,Grade 4,1426,1408,1491,357
4,Math,Grade 4,1451,1408,1491,357
4,Math,Grade 4,1443,1475,1525,357
4,Math,Grade 4,1408,1453,1448,357
4,Math,Grade 4,1375,1465,1500,358
4,Math,Grade 4,1435,1494,1471,358
4,Math,Grade 4,1489,1485,1587,358
4,Math,Grade 4,1443,1453,1517,358
4,Math,Grade 4,1443,1494,1542,358
4,Math,Grade 4,1489,1441,1433,358
4,Math,Grade 4,1408,1502,1500,358
4,Math,Grade 4,1361,1502,1554,358
4,Math,Grade 4,1458,1465,1500,358
4,Math,Grade 4,1451,1485,1509,359
4,Math,Grade 4,1465,1465,1491,359
4,Math,Grade 4,1458,1453,1482,359
4,Math,Grade 4,1426,1426,1460,359
4,Math,Grade 4,1435,1511,1491,359
4,Math,Grade 4,1443,1453,1500,359
4,Math,Grade 4,1489,1502,1509,359
4,Math,Grade 4,1451,1475,1471,359
4,Math,Grade 4,1443,1485,1525,359
4,Math,Grade 4,1482,1494,1471,359
4,Math,Grade 4,1388,1527,1558,360
4,Math,Grade 4,1408,1485,1491,360
4,Math,Grade 4,1458,1502,1471,360
4,Math,Grade 4,1443,1475,1460,360
4,Math,Grade 4,1451,1465,1471,360
4,Math,Grade 4,1418,1475,1491,360
4,Math,Grade 4,1435,1465,1491,360
4,Math,Grade 4,1426,1502,1471,360
4,Math,Grade 4,1443,1453,1433,360
4,Math,Grade 4,1474,1494,1448,360
4,Math,Grade 4,1435,1502,1433,360
4,Math,Grade 4,1418,1441,1534,360
4,Math,Grade 4,1426,1475,1491,360
4,Math,Grade 4,1451,1441,1482,360
4,Math,Grade 4,1481,1511,1534,360
4,Math,Grade 4,1399,1485,1460,360
4,Math,Grade 4,1426,1485,1491,361
4,Math,Grade 4,1426,1494,1460,361
4,Math,Grade 4,1474,1527,1526,361
4,Math,Grade 4,1466,1502,1460,361
4,Math,Grade 4,1451,1502,1554,361
4,Math,Grade 4,1451,1519,1517,361
4,Math,Grade 4,1481,1494,1460,361
4,Math,Grade 4,1435,1494,1491,361
4,Math,Grade 4,1481,1485,1491,361
4,Math,Grade 4,1474,1494,1509,361
4,Math,Grade 4,1399,1475,1460,361
4,Math,Grade 4,1435,1511,1482,361
4,Math,Grade 4,1443,1475,1482,361
4,Math,Grade 4,1451,1465,1500,361
4,Math,Grade 4,1399,1441,1460,361
4,Math,Grade 4,1443,1465,1433,362
4,Math,Grade 4,1451,1475,1500,362
4,Math,Grade 4,1443,1441,1460,362
4,Math,Grade 4,1497,1527,1460,362
4,Math,Grade 4,1408,1426,1500,362
4,Math,Grade 4,1458,1441,1471,362
4,Math,Grade 4,1418,1527,1566,362
4,Math,Grade 4,1426,1465,1500,362
4,Math,Grade 4,1408,1441,1460,362
4,Math,Grade 4,1474,1494,1433,362
4,Math,Grade 4,1451,1475,1482,362
4,Math,Grade 4,1426,1453,1517,362
4,Math,Grade 4,1408,1453,1509,362
4,Math,Grade 4,1443,1453,1509,362
4,Math,Grade 4,1481,1519,1509,362
4,Math,Grade 4,1466,1502,1500,362
4,Math,Grade 4,1458,1465,1641,362
4,Math,Grade 4,1451,1426,1534,362
4,Math,Grade 4,1458,1465,1482,362
4,Math,Grade 4,1451,1475,1482,362
4,Math,Grade 4,1466,1465,1482,362
4,Math,Grade 4,1418,1485,1491,363
4,Math,Grade 4,1399,1465,1491,363
4,Math,Grade 4,1458,1426,1500,363
4,Math,Grade 4,1443,1494,1471,363
4,Math,Grade 4,1466,1465,1491,363
4,Math,Grade 4,1426,1465,1500,363
4,Math,Grade 4,1435,1475,1491,363
4,Math,Grade 4,1443,1475,1525,363
4,Math,Grade 4,1443,1511,1471,363
4,Math,Grade 4,1466,1465,1482,363
4,Math,Grade 4,1474,1494,1471,363
4,Math,Grade 4,1451,1511,1525,363
4,Math,Grade 4,1426,1475,1509,363
4,Math,Grade 4,1474,1475,1460,364
4,Math,Grade 4,1523,1569,1571,364
4,Math,Grade 4,1443,1441,1526,364
4,Math,Grade 4,1451,1494,1509,364
4,Math,Grade 4,1435,1441,1550,364
4,Math,Grade 4,1435,1502,1509,364
4,Math,Grade 4,1466,1485,1550,364
4,Math,Grade 4,1418,1494,1448,364
4,Math,Grade 4,1435,1453,1491,364
4,Math,Grade 4,1418,1502,1482,364
4,Math,Grade 4,1489,1441,1491,364
4,Math,Grade 4,1466,1485,1509,364
4,Math,Grade 4,1435,1494,1509,364
4,Math,Grade 4,1408,1441,1509,365
4,Math,Grade 4,1443,1553,1550,365
4,Math,Grade 4,1489,1523,1491,365
4,Math,Grade 4,1530,1494,1587,365
4,Math,Grade 4,1481,1475,1471,365
4,Math,Grade 4,1451,1502,1482,365
4,Math,Grade 4,1474,1502,1500,365
4,Math,Grade 4,1426,1475,1509,365
4,Math,Grade 4,1418,1502,1471,365
4,Math,Grade 4,1466,1527,1491,365
4,Math,Grade 4,1408,1494,1534,365
4,Math,Grade 4,1443,1527,1509,365
4,Math,Grade 4,1458,1519,1460,365
4,Math,Grade 4,1426,1441,1491,365
4,Math,Grade 4,1451,1485,1545,365
4,Math,Grade 4,1505,1519,1448,365
4,Math,Grade 4,1474,1511,1525,365
4,Math,Grade 4,1435,1485,1460,366
4,Math,Grade 4,1426,1511,1517,366
4,Math,Grade 4,1466,1511,1471,366
4,Math,Grade 4,1458,1502,1509,366
4,Math,Grade 4,1426,1441,1460,366
4,Math,Grade 4,1458,1494,1516,366
4,Math,Grade 4,1494,1475,1471,366
4,Math,Grade 4,1451,1475,1471,366
4,Math,Grade 4,1451,1453,1460,366
4,Math,Grade 4,1388,1408,1509,366
4,Math,Grade 4,1451,1502,1641,366
4,Math,Grade 4,1481,1475,1509,366
4,Math,Grade 4,1375,1644,1641,366
4,Math,Grade 4,1408,1502,1509,366
4,Math,Grade 4,1474,1475,1509,366
4,Math,Grade 4,1451,1453,1471,366
4,Math,Grade 4,1451,1494,1460,367
4,Math,Grade 4,1474,1519,1460,367
4,Math,Grade 4,1466,1485,1500,367
4,Math,Grade 4,1451,1494,1491,367
4,Math,Grade 4,1451,1485,1509,367
4,Math,Grade 4,1466,1494,1500,367
4,Math,Grade 4,1435,1441,1471,367
4,Math,Grade 4,1399,1475,1517,367
4,Math,Grade 4,1466,1502,1509,367
4,Math,Grade 4,1466,1485,1517,367
4,Math,Grade 4,1435,1426,1460,367
4,Math,Grade 4,1489,1494,1542,367
4,Math,Grade 4,1443,1572,1509,367
4,Math,Grade 4,1458,1485,1471,367
4,Math,Grade 4,1443,1441,1460,367
4,Math,Grade 4,1451,1485,1448,367
4,Math,Grade 4,1474,1502,1525,368
4,Math,Grade 4,1494,1563,1491,368
4,Math,Grade 4,1474,1553,1448,368
4,Math,Grade 4,1418,1441,1517,368
4,Math,Grade 4,1458,1502,1500,368
4,Math,Grade 4,1426,1453,1491,368
4,Math,Grade 4,1408,1453,1460,368
4,Math,Grade 4,1435,1408,1460,368
4,Math,Grade 4,1481,1494,1500,368
4,Math,Grade 4,1458,1485,1545,368
4,Math,Grade 4,1443,1465,1500,368
4,Math,Grade 4,1435,1453,1491,368
4,Math,Grade 4,1418,1475,1534,368
4,Math,Grade 4,1451,1475,1534,368
4,Math,Grade 4,1399,1485,1509,368
4,Math,Grade 4,1458,1453,1471,368
4,Math,Grade 4,1474,1465,1471,368
4,Math,Grade 4,1418,1502,1500,368
4,Math,Grade 4,1466,1511,1482,368
4,Math,Grade 4,1451,1494,1471,369
4,Math,Grade 4,1443,1485,1525,369
4,Math,Grade 4,1443,1453,1491,369
4,Math,Grade 4,1435,1465,1525,369
4,Math,Grade 4,1487,1523,1509,369
4,Math,Grade 4,1426,1465,1460,369
4,Math,Grade 4,1408,1475,1471,369
4,Math,Grade 4,1426,1511,1525,369
4,Math,Grade 4,1466,1465,1491,369
4,Math,Grade 4,1399,1502,1491,369
4,Math,Grade 4,1497,1502,1448,369
4,Math,Grade 4,1418,1533,1534,369
4,Math,Grade 4,1451,1494,1471,369
4,Math,Grade 4,1426,1408,1471,369
4,Math,Grade 4,1509,1465,1500,369
4,Math,Grade 4,1418,1453,1517,369
4,Math,Grade 4,1426,1511,1460,369
4,Math,Grade 4,1489,1511,1604,369
4,Math,Grade 4,1458,1453,1391,369
4,Math,Grade 4,1399,1494,1525,370
4,Math,Grade 4,1489,1485,1433,370
4,Math,Grade 4,1458,1502,1500,370
4,Math,Grade 4,1458,1544,1517,370
4,Math,Grade 4,1443,1485,1516,370
4,Math,Grade 4,1458,1527,1491,370
4,Math,Grade 4,1466,1485,1536,370
4,Math,Grade 4,1443,1485,1482,370
4,Math,Grade 4,1426,1494,1517,370
4,Math,Grade 4,1480,1527,1500,370
4,Math,Grade 4,1435,1475,1482,370
4,Math,Grade 4,1426,1485,1517,370
4,Math,Grade 4,1451,1485,1517,370
4,Math,Grade 4,1451,1465,1500,370
4,Math,Grade 4,1466,1502,1509,370
4,Math,Grade 4,1481,1502,1482,370
4,Math,Grade 4,1466,1494,1471,370
4,Math,Grade 4,1474,1453,1491,371
4,Math,Grade 4,1451,1465,1517,371
4,Math,Grade 4,1426,1527,1482,371
4,Math,Grade 4,1418,1511,1500,371
4,Math,Grade 4,1418,1494,1534,371
4,Math,Grade 4,1443,1485,1448,371
4,Math,Grade 4,1435,1485,1448,371
4,Math,Grade 4,1497,1553,1517,371
4,Math,Grade 4,1458,1485,1536,371
4,Math,Grade 4,1443,1563,1471,371
4,Math,Grade 4,1426,1644,1509,371
4,Math,Grade 4,1458,1453,1509,371
4,Math,Grade 4,1408,1475,1509,371
4,Math,Grade 4,1451,1494,1525,371
4,Math,Grade 4,1418,1465,1482,371
4,Math,Grade 4,1388,1494,1482,371
4,Math,Grade 4,1408,1485,1460,371
4,Math,Grade 4,1399,1494,1460,371
4,Math,Grade 4,1418,1485,1509,371
4,Math,Grade 4,1426,1465,1433,371
4,Math,Grade 4,1435,1475,1554,371
4,Math,Grade 4,1408,1465,1460,371
4,Math,Grade 4,1443,1511,1460,371
4,Math,Grade 4,1458,1485,1482,371
4,Math,Grade 4,1418,1475,1482,372
4,Math,Grade 4,1466,1519,1536,372
4,Math,Grade 4,1443,1465,1491,372
4,Math,Grade 4,1418,1536,1500,372
4,Math,Grade 4,1466,1502,1545,372
4,Math,Grade 4,1426,1475,1433,372
4,Math,Grade 4,1504,1441,1471,372
4,Math,Grade 4,1435,1511,1491,372
4,Math,Grade 4,1451,1485,1482,372
4,Math,Grade 4,1451,1485,1448,372
4,Math,Grade 4,1443,1485,1517,372
4,Math,Grade 4,1435,1485,1517,372
4,Math,Grade 4,1474,1494,1545,372
4,Math,Grade 4,1451,1511,1500,372
4,Math,Grade 4,1408,1494,1460,372
4,Math,Grade 4,1494,1502,1491,372
4,Math,Grade 4,1388,1502,1491,372
4,Math,Grade 4,1418,1511,1525,372
4,Math,Grade 4,1466,1465,1536,372
4,Math,Grade 4,1466,1453,1509,372
4,Math,Grade 4,1472,1485,1500,372
4,Math,Grade 4,1408,1465,1491,372
4,Math,Grade 4,1458,1485,1415,372
4,Math,Grade 4,1443,1453,1509,373
4,Math,Grade 4,1481,1517,1525,373
4,Math,Grade 4,1451,1485,1482,373
4,Math,Grade 4,1451,1494,1509,373
4,Math,Grade 4,1408,1453,1500,373
4,Math,Grade 4,1426,1465,1471,373
4,Math,Grade 4,1443,1502,1542,373
4,Math,Grade 4,1451,1494,1509,373
4,Math,Grade 4,1418,1519,1491,373
4,Math,Grade 4,1408,1441,1482,373
4,Math,Grade 4,1451,1494,1534,373
4,Math,Grade 4,1497,1494,1526,373
4,Math,Grade 4,1399,1590,1525,373
4,Math,Grade 4,1418,1502,1460,373
4,Math,Grade 4,1458,1494,1509,373
4,Math,Grade 4,1426,1453,1448,373
4,Math,Grade 4,1466,1544,1526,373
4,Math,Grade 4,1435,1519,1526,373
4,Math,Grade 4,1451,1494,1509,373
4,Math,Grade 4,1451,1465,1471,373
4,Math,Grade 4,1388,1544,1491,374
4,Math,Grade 4,1458,1502,1525,374
4,Math,Grade 4,1494,1465,1517,374
4,Math,Grade 4,1474,1511,1509,374
4,Math,Grade 4,1426,1511,1491,374
4,Math,Grade 4,1458,1502,1534,374
4,Math,Grade 4,1443,1519,1509,374
4,Math,Grade 4,1486,1502,1604,374
4,Math,Grade 4,1443,1475,1491,374
4,Math,Grade 4,1426,1485,1517,374
4,Math,Grade 4,1481,1485,1482,374
4,Math,Grade 4,1435,1465,1491,374
4,Math,Grade 4,1466,1475,1460,375
4,Math,Grade 4,1443,1453,1471,375
4,Math,Grade 4,1481,1494,1482,375
4,Math,Grade 4,1451,1453,1482,375
4,Math,Grade 4,1435,1523,1448,375
4,Math,Grade 4,1458,1485,1491,375
4,Math,Grade 4,1418,1519,1460,375
4,Math,Grade 4,1451,1527,1491,375
4,Math,Grade 4,1418,1475,1491,375
4,Math,Grade 4,1501,1485,1534,375
4,Math,Grade 4,1399,1485,1471,376
4,Math,Grade 4,1443,1453,1482,376
4,Math,Grade 4,1466,1519,1517,376
4,Math,Grade 4,1418,1465,1471,376
4,Math,Grade 4,1426,1485,1525,376
4,Math,Grade 4,1466,1519,1536,376
4,Math,Grade 4,1375,1441,1558,376
4,Math,Grade 4,1418,1453,1525,376
4,Math,Grade 4,1466,1511,1471,376
4,Math,Grade 4,1502,1533,1579,377
4,Math,Grade 4,1418,1527,1662,377
4,Math,Grade 4,1443,1494,1500,377
4,Math,Grade 4,1466,1465,1500,377
4,Math,Grade 4,1435,1502,1526,377
4,Math,Grade 4,1399,1453,1491,377
4,Math,Grade 4,1458,1494,1471,378
4,Math,Grade 4,1435,1475,1536,378
4,Math,Grade 4,1435,1494,1500,378
4,Math,Grade 4,1466,1494,1517,378
4,Math,Grade 4,1497,1581,1587,378
4,Math,Grade 4,1426,1494,1558,378
4,Math,Grade 4,1481,1494,1509,378
4,Math,Grade 4,1466,1453,1534,379
4,Math,Grade 4,1451,1502,1460,379
4,Math,Grade 4,1435,1511,1542,379
4,Math,Grade 4,1435,1553,1491,379
4,Math,Grade 4,1408,1502,1534,379
4,Math,Grade 4,1474,1465,1509,379
4,Math,Grade 4,1466,1553,1491,379
4,Math,Grade 4,1466,1511,1517,379
4,Math,Grade 4,1451,1475,1500,379
4,Math,Grade 4,1466,1485,1542,379
4,Math,Grade 4,1361,1426,1482,379
4,Math,Grade 4,1474,1502,1525,379
4,Math,Grade 4,1435,1544,1525,379
4,Math,Grade 4,1418,1441,1471,379
4,Math,Grade 4,1466,1465,1500,380
4,Math,Grade 4,1426,1553,1500,380
4,Math,Grade 4,1399,1475,1482,380
4,Math,Grade 4,1458,1475,1517,380
4,Math,Grade 4,1511,1502,1500,380
4,Math,Grade 4,1474,1502,1500,380
4,Math,Grade 4,1451,1502,1536,380
4,Math,Grade 4,1474,1426,1525,380
4,Math,Grade 4,1451,1475,1509,380
4,Math,Grade 4,1399,1485,1517,381
4,Math,Grade 4,1426,1485,1509,381
4,Math,Grade 4,1489,1511,1471,381
4,Math,Grade 4,1466,1494,1500,381
4,Math,Grade 4,1426,1494,1500,381
4,Math,Grade 4,1448,1502,1517,381
4,Math,Grade 4,1399,1465,1471,381
4,Math,Grade 4,1451,1494,1471,381
4,Math,Grade 4,1466,1465,1542,381
4,Math,Grade 4,1457,1544,1482,381
4,Math,Grade 4,1474,1494,1517,382
4,Math,Grade 4,1458,1553,1500,382
4,Math,Grade 4,1451,1502,1482,382
4,Math,Grade 4,1426,1511,1471,382
4,Math,Grade 4,1474,1511,1517,382
4,Math,Grade 4,1426,1453,1536,382
4,Math,Grade 4,1474,1494,1558,382
4,Math,Grade 4,1466,1511,1536,382
4,Math,Grade 4,1474,1494,1482,382
4,Math,Grade 4,1451,1502,1509,382
4,Math,Grade 4,1435,1465,1482,382
4,Math,Grade 4,1435,1465,1707,382
4,Math,Grade 4,1451,1494,1500,382
4,Math,Grade 4,1408,1485,1448,382
4,Math,Grade 4,1435,1502,1536,383
4,Math,Grade 4,1408,1485,1491,383
4,Math,Grade 4,1443,1502,1482,383
4,Math,Grade 4,1443,1475,1662,383
4,Math,Grade 4,1497,1502,1509,383
4,Math,Grade 4,1451,1453,1491,383
4,Math,Grade 4,1474,1502,1500,383
4,Math,Grade 4,1466,1502,1554,383
4,Math,Grade 4,1458,1519,1534,383
4,Math,Grade 4,1435,1475,1500,383
4,Math,Grade 4,1474,1475,1500,383
4,Math,Grade 4,1443,1536,1566,384
4,Math,Grade 4,1466,1572,1500,384
4,Math,Grade 4,1466,1536,1525,384
4,Math,Grade 4,1458,1453,1471,384
4,Math,Grade 4,1481,1475,1491,384
4,Math,Grade 4,1435,1441,1482,384
4,Math,Grade 4,1474,1475,1509,384
4,Math,Grade 4,1489,1441,1558,384
4,Math,Grade 4,1497,1502,1525,384
4,Math,Grade 4,1435,1453,1509,384
4,Math,Grade 4,1418,1453,1460,385
4,Math,Grade 4,1418,1485,1500,385
4,Math,Grade 4,1451,1475,1525,385
4,Math,Grade 4,1451,1563,1509,385
4,Math,Grade 4,1481,1527,1525,385
4,Math,Grade 4,1457,1494,1517,385
4,Math,Grade 4,1497,1519,1517,386
4,Math,Grade 4,1458,1485,1482,386
4,Math,Grade 4,1474,1494,1500,386
4,Math,Grade 4,1474,1465,1415,386
4,Math,Grade 4,1466,1475,1517,386
4,Math,Grade 4,1408,1485,1500,386
4,Math,Grade 4,1451,1475,1482,386
4,Math,Grade 4,1465,1511,1517,386
4,Math,Grade 4,1518,1465,1509,386
4,Math,Grade 4,1451,1511,1525,386
4,Math,Grade 4,1443,1519,1482,386
4,Math,Grade 4,1399,1475,1471,386
4,Math,Grade 4,1435,1475,1517,386
4,Math,Grade 4,1361,1465,1587,386
4,Math,Grade 4,1511,1494,1460,386
4,Math,Grade 4,1451,1475,1491,386
4,Math,Grade 4,1451,1502,1525,386
4,Math,Grade 4,1443,1441,1509,386
4,Math,Grade 4,1408,1475,1482,387
4,Math,Grade 4,1489,1519,1554,387
4,Math,Grade 4,1451,1475,1491,387
4,Math,Grade 4,1451,1527,1509,387
4,Math,Grade 4,1451,1511,1471,387
4,Math,Grade 4,1408,1485,1526,387
4,Math,Grade 4,1466,1511,1500,387
4,Math,Grade 4,1474,1511,1525,387
4,Math,Grade 4,1408,1465,1509,387
4,Math,Grade 4,1443,1494,1517,387
4,Math,Grade 4,1466,1536,1558,387
4,Math,Grade 4,1443,1494,1525,387
4,Math,Grade 4,1435,1475,1517,387
4,Math,Grade 4,1435,1441,1471,388
4,Math,Grade 4,1418,1502,1491,388
4,Math,Grade 4,1399,1502,1525,388
4,Math,Grade 4,1388,1465,1448,388
4,Math,Grade 4,1458,1475,1509,388
4,Math,Grade 4,1458,1519,1509,388
4,Math,Grade 4,1480,1441,1500,388
4,Math,Grade 4,1474,1475,1500,388
4,Math,Grade 4,1408,1453,1471,388
4,Math,Grade 4,1435,1511,1536,388
4,Math,Grade 4,1443,1465,1460,388
4,Math,Grade 4,1466,1519,1525,388
4,Math,Grade 4,1458,1502,1525,388
4,Math,Grade 4,1481,1502,1500,388
4,Math,Grade 4,1435,1441,1509,388
4,Math,Grade 4,1458,1408,1542,389
4,Math,Grade 4,1458,1475,1491,389
4,Math,Grade 4,1435,1475,1482,389
4,Math,Grade 4,1408,1485,1500,389
4,Math,Grade 4,1443,1544,1471,389
4,Math,Grade 4,1474,1465,1491,389
4,Math,Grade 4,1458,1511,1471,389
4,Math,Grade 4,1481,1502,1542,389
4,Math,Grade 4,1474,1553,1471,389
4,Math,Grade 4,1443,1453,1517,389
4,Math,Grade 4,1458,1502,1525,389
4,Math,Grade 4,1458,1465,1500,389
4,Math,Grade 4,1458,1465,1554,389
4,Math,Grade 4,1458,1544,1491,389
4,Math,Grade 4,1451,1494,1525,389
4,Math,Grade 4,1458,1485,1482,389
4,Math,Grade 4,1474,1494,1604,390
4,Math,Grade 4,1497,1519,1509,390
4,Math,Grade 4,1497,1475,1433,390
4,Math,Grade 4,1489,1475,1509,390
4,Math,Grade 4,1466,1475,1536,390
4,Math,Grade 4,1474,1502,1500,390
4,Math,Grade 4,1458,1494,1517,390
4,Math,Grade 4,1435,1475,1517,390
4,Math,Grade 4,1466,1553,1545,390
4,Math,Grade 4,1480,1502,1517,390
4,Math,Grade 4,1482,1519,1509,390
4,Math,Grade 4,1426,1511,1482,390
4,Math,Grade 4,1481,1494,1500,390
4,Math,Grade 4,1451,1475,1500,391
4,Math,Grade 4,1426,1502,1525,391
4,Math,Grade 4,1451,1511,1509,391
4,Math,Grade 4,1474,1453,1471,391
4,Math,Grade 4,1474,1485,1662,391
4,Math,Grade 4,1443,1465,1534,391
4,Math,Grade 4,1466,1453,1622,391
4,Math,Grade 4,1458,1465,1491,391
4,Math,Grade 4,1388,1475,1491,391
4,Math,Grade 4,1489,1511,1509,391
4,Math,Grade 4,1474,1533,1517,391
4,Math,Grade 4,1458,1475,1525,391
4,Math,Grade 4,1451,1511,1534,392
4,Math,Grade 4,1418,1485,1471,392
4,Math,Grade 4,1481,1527,1509,392
4,Math,Grade 4,1474,1527,1509,392
4,Math,Grade 4,1504,1536,1500,392
4,Math,Grade 4,1465,1544,1542,392
4,Math,Grade 4,1435,1485,1517,392
4,Math,Grade 4,1474,1485,1500,392
4,Math,Grade 4,1481,1485,1482,393
4,Math,Grade 4,1451,1527,1545,393
4,Math,Grade 4,1451,1485,1550,393
4,Math,Grade 4,1435,1475,1482,393
4,Math,Grade 4,1481,1453,1500,393
4,Math,Grade 4,1480,1581,1596,393
4,Math,Grade 4,1489,1485,1517,393
4,Math,Grade 4,1408,1502,1517,393
4,Math,Grade 4,1443,1519,1460,393
4,Math,Grade 4,1451,1494,1460,393
4,Math,Grade 4,1435,1533,1500,393
4,Math,Grade 4,1435,1494,1500,393
4,Math,Grade 4,1443,1485,1622,393
4,Math,Grade 4,1399,1475,1433,393
4,Math,Grade 4,1435,1453,1471,394
4,Math,Grade 4,1481,1475,1500,394
4,Math,Grade 4,1466,1502,1517,394
4,Math,Grade 4,1481,1465,1509,394
4,Math,Grade 4,1435,1494,1542,394
4,Math,Grade 4,1497,1475,1482,394
4,Math,Grade 4,1466,1494,1482,394
4,Math,Grade 4,1466,1572,1509,394
4,Math,Grade 4,1504,1511,1500,395
4,Math,Grade 4,1426,1502,1482,395
4,Math,Grade 4,1489,1581,1534,395
4,Math,Grade 4,1443,1511,1482,395
4,Math,Grade 4,1408,1475,1460,395
4,Math,Grade 4,1481,1494,1542,395
4,Math,Grade 4,1538,1536,1571,395
4,Math,Grade 4,1497,1475,1482,395
4,Math,Grade 4,1426,1494,1550,395
4,Math,Grade 4,1435,1485,1500,395
4,Math,Grade 4,1458,1502,1675,395
4,Math,Grade 4,1344,1453,1500,395
4,Math,Grade 4,1466,1494,1482,395
4,Math,Grade 4,1481,1494,1542,395
4,Math,Grade 4,1481,1511,1448,396
4,Math,Grade 4,1443,1502,1542,396
4,Math,Grade 4,1426,1511,1509,396
4,Math,Grade 4,1466,1536,1554,396
4,Math,Grade 4,1435,1544,1525,396
4,Math,Grade 4,1466,1502,1460,396
4,Math,Grade 4,1466,1511,1482,396
4,Math,Grade 4,1426,1485,1500,396
4,Math,Grade 4,1466,1527,1517,396
4,Math,Grade 4,1494,1536,1509,396
4,Math,Grade 4,1458,1494,1491,396
4,Math,Grade 4,1458,1475,1509,396
4,Math,Grade 4,1408,1465,1509,396
4,Math,Grade 4,1466,1485,1482,396
4,Math,Grade 4,1489,1475,1500,396
4,Math,Grade 4,1466,1465,1482,396
4,Math,Grade 4,1489,1485,1509,396
4,Math,Grade 4,1466,1465,1509,396
4,Math,Grade 4,1474,1494,1566,396
4,Math,Grade 4,1489,1527,1542,397
4,Math,Grade 4,1451,1588,1596,397
4,Math,Grade 4,1458,1502,1517,397
4,Math,Grade 4,1435,1453,1500,397
4,Math,Grade 4,1458,1494,1471,397
4,Math,Grade 4,1481,1536,1509,397
4,Math,Grade 4,1465,1485,1509,397
4,Math,Grade 4,1443,1485,1517,397
4,Math,Grade 4,1474,1511,1517,397
4,Math,Grade 4,1458,1533,1509,397
4,Math,Grade 4,1474,1453,1491,397
4,Math,Grade 4,1435,1572,1517,397
4,Math,Grade 4,1474,1441,1554,397
4,Math,Grade 4,1443,1426,1448,397
4,Math,Grade 4,1474,1465,1545,397
4,Math,Grade 4,1435,1494,1491,397
4,Math,Grade 4,1451,1475,1471,398
4,Math,Grade 4,1481,1465,1517,398
4,Math,Grade 4,1451,1572,1550,398
4,Math,Grade 4,1435,1465,1491,398
4,Math,Grade 4,1481,1465,1491,398
4,Math,Grade 4,1489,1475,1482,398
4,Math,Grade 4,1418,1544,1471,398
4,Math,Grade 4,1489,1494,1460,398
4,Math,Grade 4,1435,1494,1525,398
4,Math,Grade 4,1435,1519,1509,399
4,Math,Grade 4,1481,1494,1509,399
4,Math,Grade 4,1443,1502,1517,399
4,Math,Grade 4,1466,1453,1534,399
4,Math,Grade 4,1435,1465,1500,399
4,Math,Grade 4,1426,1494,1491,399
4,Math,Grade 4,1451,1572,1534,399
4,Math,Grade 4,1489,1572,1562,399
4,Math,Grade 4,1489,1502,1542,399
4,Math,Grade 4,1435,1485,1491,399
4,Math,Grade 4,1426,1465,1509,399
4,Math,Grade 4,1458,1533,1526,399
4,Math,Grade 4,1474,1475,1525,399
4,Math,Grade 4,1451,1502,1526,400
4,Math,Grade 4,1426,1475,1500,400
4,Math,Grade 4,1489,1485,1482,400
4,Math,Grade 4,1504,1485,1517,400
4,Math,Grade 4,1505,1533,1500,400
4,Math,Grade 4,1458,1475,1517,400
4,Math,Grade 4,1474,1502,1500,400
4,Math,Grade 4,1482,1494,1526,400
4,Math,Grade 4,1474,1523,1517,400
4,Math,Grade 4,1481,1502,1517,400
4,Math,Grade 4,1466,1536,1491,400
4,Math,Grade 4,1474,1502,1554,400
4,Math,Grade 4,1481,1475,1509,400
4,Math,Grade 4,1511,1519,1574,400
4,Math,Grade 4,1474,1485,1471,400
4,Math,Grade 4,1418,1465,1509,400
4,Math,Grade 4,1451,1527,1509,400
4,Math,Grade 4,1458,1511,1500,400
4,Math,Grade 4,1443,1485,1525,400
4,Math,Grade 4,1451,1502,1500,400
4,Math,Grade 4,1408,1485,1534,400
4,Math,Grade 4,1435,1494,1604,400
4,Math,Grade 4,1443,1494,1482,400
4,Math,Grade 4,1465,1502,1526,400
4,Math,Grade 4,1487,1572,1542,400
4,Math,Grade 4,1474,1511,1517,400
4,Math,Grade 4,1426,1511,1542,400
4,Math,Grade 4,1474,1494,1550,400
4,Math,Grade 4,1516,1519,1587,400
4,Math,Grade 4,1487,1544,1525,400
4,Math,Grade 4,1504,1494,1509,400
4,Math,Grade 4,1451,1465,1500,400
4,Math,Grade 4,1481,1502,1482,400
4,Math,Grade 4,1481,1635,1707,400
4,Math,Grade 4,1466,1527,1482,400
4,Math,Grade 4,1443,1527,1579,401
4,Math,Grade 4,1435,1511,1517,401
4,Math,Grade 4,1501,1494,1500,401
4,Math,Grade 4,1443,1563,1509,401
4,Math,Grade 4,1481,1536,1587,401
4,Math,Grade 4,1458,1511,1517,401
4,Math,Grade 4,1474,1502,1517,401
4,Math,Grade 4,1480,1581,1604,401
4,Math,Grade 4,1466,1625,1542,401
4,Math,Grade 4,1435,1475,1509,401
4,Math,Grade 4,1451,1475,1525,401
4,Math,Grade 4,1418,1475,1509,401
4,Math,Grade 4,1489,1544,1566,401
4,Math,Grade 4,1443,1494,1525,401
4,Math,Grade 4,1509,1616,1500,401
4,Math,Grade 4,1494,1511,1550,401
4,Math,Grade 4,1474,1485,1525,401
4,Math,Grade 4,1481,1527,1550,401
4,Math,Grade 4,1435,1485,1500,401
4,Math,Grade 4,1458,1502,1517,401
4,Math,Grade 4,1458,1475,1500,401
4,Math,Grade 4,1489,1465,1433,401
4,Math,Grade 4,1458,1519,1562,402
4,Math,Grade 4,1458,1563,1517,402
4,Math,Grade 4,1451,1533,1534,402
4,Math,Grade 4,1481,1527,1517,402
4,Math,Grade 4,1466,1485,1500,402
4,Math,Grade 4,1435,1453,1526,402
4,Math,Grade 4,1451,1511,1460,402
4,Math,Grade 4,1458,1494,1500,402
4,Math,Grade 4,1458,1475,1471,402
4,Math,Grade 4,1458,1511,1517,402
4,Math,Grade 4,1481,1475,1587,402
4,Math,Grade 4,1466,1544,1542,402
4,Math,Grade 4,1458,1453,1525,402
4,Math,Grade 4,1502,1544,1562,402
4,Math,Grade 4,1489,1511,1448,402
4,Math,Grade 4,1451,1485,1517,402
4,Math,Grade 4,1458,1527,1509,402
4,Math,Grade 4,1466,1553,1509,402
4,Math,Grade 4,1552,1544,1562,402
4,Math,Grade 4,1489,1533,1525,402
4,Math,Grade 4,1451,1475,1509,402
4,Math,Grade 4,1505,1494,1491,402
4,Math,Grade 4,1481,1533,1579,402
4,Math,Grade 4,1458,1475,1550,402
4,Math,Grade 4,1418,1494,1517,403
4,Math,Grade 4,1523,1494,1460,403
4,Math,Grade 4,1474,1519,1534,403
4,Math,Grade 4,1451,1527,1509,403
4,Math,Grade 4,1481,1502,1534,403
4,Math,Grade 4,1435,1519,1491,403
4,Math,Grade 4,1458,1502,1471,403
4,Math,Grade 4,1458,1494,1500,403
4,Math,Grade 4,1458,1485,1566,403
4,Math,Grade 4,1481,1475,1517,403
4,Math,Grade 4,1451,1502,1471,403
4,Math,Grade 4,1474,1485,1554,403
4,Math,Grade 4,1435,1511,1500,403
4,Math,Grade 4,1482,1502,1571,403
4,Math,Grade 4,1481,1527,1525,403
4,Math,Grade 4,1443,1533,1509,403
4,Math,Grade 4,1435,1544,1554,403
4,Math,Grade 4,1466,1519,1509,403
4,Math,Grade 4,1481,1502,1525,403
4,Math,Grade 4,1481,1519,1550,403
4,Math,Grade 4,1480,1544,1545,403
4,Math,Grade 4,1494,1553,1534,403
4,Math,Grade 4,1481,1494,1500,403
4,Math,Grade 4,1530,1536,1571,403
4,Math,Grade 4,1481,1527,1571,403
4,Math,Grade 4,1494,1485,1558,403
4,Math,Grade 4,1435,1533,1500,404
4,Math,Grade 4,1487,1485,1517,404
4,Math,Grade 4,1426,1494,1500,404
4,Math,Grade 4,1449,1552,1500,404
4,Math,Grade 4,1505,1502,1542,404
4,Math,Grade 4,1443,1453,1482,404
4,Math,Grade 4,1474,1511,1554,404
4,Math,Grade 4,1489,1553,1558,404
4,Math,Grade 4,1458,1465,1500,404
4,Math,Grade 4,1443,1475,1509,404
4,Math,Grade 4,1474,1494,1554,404
4,Math,Grade 4,1451,1485,1525,404
4,Math,Grade 4,1474,1563,1525,404
4,Math,Grade 4,1545,1544,1587,404
4,Math,Grade 4,1388,1475,1509,404
4,Math,Grade 4,1504,1494,1545,404
4,Math,Grade 4,1466,1485,1509,404
4,Math,Grade 4,1481,1465,1542,404
4,Math,Grade 4,1458,1511,1517,404
4,Math,Grade 4,1481,1527,1562,404
4,Math,Grade 4,1451,1519,1542,404
4,Math,Grade 4,1435,1475,1517,404
4,Math,Grade 4,1494,1552,1448,404
4,Math,Grade 4,1489,1511,1509,404
4,Math,Grade 4,1474,1544,1542,404
4,Math,Grade 4,1435,1465,1534,404
4,Math,Grade 4,1509,1527,1500,404
4,Math,Grade 4,1418,1523,1509,404
4,Math,Grade 4,1466,1465,1542,404
4,Math,Grade 4,1466,1511,1536,404
4,Math,Grade 4,1518,1494,1517,404
4,Math,Grade 4,1458,1494,1391,404
4,Math,Grade 4,1489,1494,1491,404
4,Math,Grade 4,1466,1519,1491,404
4,Math,Grade 4,1487,1561,1554,405
4,Math,Grade 4,1480,1544,1534,405
4,Math,Grade 4,1443,1563,1525,405
4,Math,Grade 4,1451,1527,1534,405
4,Math,Grade 4,1458,1485,1517,405
4,Math,Grade 4,1501,1519,1500,405
4,Math,Grade 4,1481,1485,1491,405
4,Math,Grade 4,1481,1502,1525,405
4,Math,Grade 4,1466,1511,1509,405
4,Math,Grade 4,1487,1536,1542,405
4,Math,Grade 4,1501,1553,1545,405
4,Math,Grade 4,1458,1511,1525,405
4,Math,Grade 4,1458,1511,1491,405
4,Math,Grade 4,1408,1536,1509,405
4,Math,Grade 4,1458,1519,1562,405
4,Math,Grade 4,1451,1502,1509,405
4,Math,Grade 4,1451,1519,1526,405
4,Math,Grade 4,1474,1465,1517,405
4,Math,Grade 4,1517,1563,1534,405
4,Math,Grade 4,1489,1502,1509,405
4,Math,Grade 4,1505,1511,1525,405
4,Math,Grade 4,1435,1475,1509,405
4,Math,Grade 4,1505,1502,1545,405
4,Math,Grade 4,1418,1544,1491,405
4,Math,Grade 4,1344,1485,1460,405
4,Math,Grade 4,1435,1475,1500,405
4,Math,Grade 4,1466,1519,1491,405
4,Math,Grade 4,1458,1494,1491,405
4,Math,Grade 4,1518,1527,1534,405
4,Math,Grade 4,1489,1475,1448,405
4,Math,Grade 4,1458,1519,1542,405
4,Math,Grade 4,1458,1494,1500,405
4,Math,Grade 4,1451,1502,1542,405
4,Math,Grade 4,1497,1536,1542,405
4,Math,Grade 4,1435,1536,1534,405
4,Math,Grade 4,1489,1511,1500,406
4,Math,Grade 4,1509,1552,1550,406
4,Math,Grade 4,1523,1552,1558,406
4,Math,Grade 4,1426,1494,1566,406
4,Math,Grade 4,1458,1511,1596,406
4,Math,Grade 4,1408,1426,1509,406
4,Math,Grade 4,1458,1519,1525,406
4,Math,Grade 4,1466,1519,1491,406
4,Math,Grade 4,1474,1465,1517,406
4,Math,Grade 4,1451,1544,1482,406
4,Math,Grade 4,1474,1502,1542,406
4,Math,Grade 4,1451,1475,1525,406
4,Math,Grade 4,1426,1494,1500,406
4,Math,Grade 4,1489,1475,1517,406
4,Math,Grade 4,1443,1502,1500,406
4,Math,Grade 4,1472,1572,1545,406
4,Math,Grade 4,1457,1502,1534,406
4,Math,Grade 4,1458,1485,1525,406
4,Math,Grade 4,1435,1502,1491,406
4,Math,Grade 4,1466,1502,1542,406
4,Math,Grade 4,1497,1533,1534,406
4,Math,Grade 4,1501,1544,1517,406
4,Math,Grade 4,1466,1494,1550,406
4,Math,Grade 4,1466,1502,1500,406
4,Math,Grade 4,1482,1494,1500,406
4,Math,Grade 4,1516,1519,1562,406
4,Math,Grade 4,1435,1347,1509,406
4,Math,Grade 4,1494,1533,1651,406
4,Math,Grade 4,1451,1519,1613,406
4,Math,Grade 4,1497,1502,1471,406
4,Math,Grade 4,1474,1511,1500,407
4,Math,Grade 4,1474,1511,1554,407
4,Math,Grade 4,1458,1519,1509,407
4,Math,Grade 4,1489,1519,1482,407
4,Math,Grade 4,1497,1519,1491,407
4,Math,Grade 4,1466,1494,1491,407
4,Math,Grade 4,1487,1494,1526,407
4,Math,Grade 4,1474,1511,1525,407
4,Math,Grade 4,1474,1553,1491,407
4,Math,Grade 4,1458,1485,1509,407
4,Math,Grade 4,1481,1475,1448,407
4,Math,Grade 4,1481,1572,1500,407
4,Math,Grade 4,1435,1475,1536,407
4,Math,Grade 4,1481,1494,1534,407
4,Math,Grade 4,1481,1519,1500,407
4,Math,Grade 4,1443,1475,1509,407
4,Math,Grade 4,1504,1563,1534,407
4,Math,Grade 4,1474,1511,1542,407
4,Math,Grade 4,1451,1519,1500,407
4,Math,Grade 4,1474,1494,1554,407
4,Math,Grade 4,1489,1494,1517,407
4,Math,Grade 4,1458,1465,1550,407
4,Math,Grade 4,1474,1502,1500,407
4,Math,Grade 4,1472,1485,1554,407
4,Math,Grade 4,1451,1511,1558,407
4,Math,Grade 4,1458,1511,1534,407
4,Math,Grade 4,1457,1502,1631,407
4,Math,Grade 4,1509,1511,1509,407
4,Math,Grade 4,1504,1607,1562,407
4,Math,Grade 4,1478,1519,1482,407
4,Math,Grade 4,1449,1485,1542,407
4,Math,Grade 4,1466,1533,1562,407
4,Math,Grade 4,1480,1527,1525,407
4,Math,Grade 4,1466,1453,1460,407
4,Math,Grade 4,1501,1544,1517,407
4,Math,Grade 4,1472,1502,1517,407
4,Math,Grade 4,1451,1533,1554,408
4,Math,Grade 4,1426,1527,1460,408
4,Math,Grade 4,1435,1502,1500,408
4,Math,Grade 4,1443,1494,1554,408
4,Math,Grade 4,1426,1475,1509,408
4,Math,Grade 4,1426,1544,1517,408
4,Math,Grade 4,1497,1552,1534,408
4,Math,Grade 4,1443,1544,1550,408
4,Math,Grade 4,1465,1519,1542,408
4,Math,Grade 4,1466,1519,1500,408
4,Math,Grade 4,1435,1502,1491,408
4,Math,Grade 4,1489,1527,1587,408
4,Math,Grade 4,1489,1475,1509,408
4,Math,Grade 4,1474,1544,1509,408
4,Math,Grade 4,1480,1494,1545,408
4,Math,Grade 4,1474,1502,1500,408
4,Math,Grade 4,1418,1453,1491,408
4,Math,Grade 4,1474,1494,1517,408
4,Math,Grade 4,1486,1519,1534,408
4,Math,Grade 4,1466,1519,1525,408
4,Math,Grade 4,1443,1519,1554,408
4,Math,Grade 4,1497,1511,1460,408
4,Math,Grade 4,1497,1502,1542,408
4,Math,Grade 4,1560,1552,1525,408
4,Math,Grade 4,1489,1579,1517,408
4,Math,Grade 4,1426,1527,1545,408
4,Math,Grade 4,1533,1553,1542,408
4,Math,Grade 4,1458,1502,1536,408
4,Math,Grade 4,1466,1511,1517,408
4,Math,Grade 4,1474,1494,1482,409
4,Math,Grade 4,1472,1511,1525,409
4,Math,Grade 4,1474,1502,1562,409
4,Math,Grade 4,1494,1527,1509,409
4,Math,Grade 4,1497,1511,1526,409
4,Math,Grade 4,1474,1519,1571,409
4,Math,Grade 4,1474,1563,1596,409
4,Math,Grade 4,1523,1572,1579,409
4,Math,Grade 4,1466,1501,1534,409
4,Math,Grade 4,1466,1502,1500,409
4,Math,Grade 4,1487,1569,1534,409
4,Math,Grade 4,1458,1519,1471,409
4,Math,Grade 4,1466,1519,1542,409
4,Math,Grade 4,1511,1485,1545,409
4,Math,Grade 4,1504,1485,1482,409
4,Math,Grade 4,1388,1485,1525,409
4,Math,Grade 4,1451,1511,1517,409
4,Math,Grade 4,1486,1494,1542,409
4,Math,Grade 4,1443,1485,1525,409
4,Math,Grade 4,1497,1519,1491,409
4,Math,Grade 4,1516,1527,1534,409
4,Math,Grade 4,1458,1494,1517,409
4,Math,Grade 4,1481,1511,1525,409
4,Math,Grade 4,1497,1511,1545,410
4,Math,Grade 4,1443,1485,1534,410
4,Math,Grade 4,1443,1485,1500,410
4,Math,Grade 4,1466,1511,1517,410
4,Math,Grade 4,1451,1475,1517,410
4,Math,Grade 4,1435,1502,1509,410
4,Math,Grade 4,1458,1465,1491,410
4,Math,Grade 4,1443,1599,1542,410
4,Math,Grade 4,1518,1511,1500,410
4,Math,Grade 4,1497,1502,1550,410
4,Math,Grade 4,1474,1581,1550,410
4,Math,Grade 4,1458,1494,1525,410
4,Math,Grade 4,1469,1502,1509,410
4,Math,Grade 4,1474,1475,1517,410
4,Math,Grade 4,1435,1544,1517,410
4,Math,Grade 4,1474,1502,1517,410
4,Math,Grade 4,1418,1441,1391,410
4,Math,Grade 4,1474,1511,1554,410
4,Math,Grade 4,1497,1553,1536,410
4,Math,Grade 4,1426,1519,1517,410
4,Math,Grade 4,1466,1502,1542,410
4,Math,Grade 4,1517,1572,1554,410
4,Math,Grade 4,1435,1527,1562,410
4,Math,Grade 4,1518,1527,1550,410
4,Math,Grade 4,1497,1536,1509,410
4,Math,Grade 4,1466,1544,1550,410
4,Math,Grade 4,1474,1527,1482,410
4,Math,Grade 4,1523,1553,1562,410
4,Math,Grade 4,1481,1502,1550,410
4,Math,Grade 4,1465,1536,1534,410
4,Math,Grade 4,1466,1553,1500,410
4,Math,Grade 4,1458,1502,1509,410
4,Math,Grade 4,1497,1544,1517,410
4,Math,Grade 4,1451,1475,1526,410
4,Math,Grade 4,1489,1519,1525,410
4,Math,Grade 4,1504,1572,1517,411
4,Math,Grade 4,1408,1475,1491,411
4,Math,Grade 4,1552,1536,1534,411
4,Math,Grade 4,1489,1465,1525,411
4,Math,Grade 4,1474,1544,1562,411
4,Math,Grade 4,1466,1485,1550,411
4,Math,Grade 4,1489,1519,1558,411
4,Math,Grade 4,1466,1502,1587,411
4,Math,Grade 4,1501,1563,1550,411
4,Math,Grade 4,1440,1494,1562,411
4,Math,Grade 4,1487,1527,1545,411
4,Math,Grade 4,1466,1552,1542,411
4,Math,Grade 4,1435,1527,1571,411
4,Math,Grade 4,1482,1475,1500,411
4,Math,Grade 4,1418,1502,1433,411
4,Math,Grade 4,1435,1485,1500,411
4,Math,Grade 4,1489,1519,1534,411
4,Math,Grade 4,1497,1502,1509,411
4,Math,Grade 4,1545,1527,1509,411
4,Math,Grade 4,1489,1511,1491,411
4,Math,Grade 4,1458,1511,1471,411
4,Math,Grade 4,1501,1552,1517,411
4,Math,Grade 4,1494,1502,1500,411
4,Math,Grade 4,1489,1511,1562,411
4,Math,Grade 4,1511,1527,1550,411
4,Math,Grade 4,1474,1502,1550,411
4,Math,Grade 4,1458,1519,1516,411
4,Math,Grade 4,1418,1536,1509,411
4,Math,Grade 4,1474,1485,1545,411
4,Math,Grade 4,1426,1527,1534,411
4,Math,Grade 4,1474,1519,1509,411
4,Math,Grade 4,1458,1465,1491,411
4,Math,Grade 4,1497,1494,1534,411
4,Math,Grade 4,1451,1599,1500,411
4,Math,Grade 4,1481,1494,1448,411
4,Math,Grade 4,1489,1579,1566,411
4,Math,Grade 4,1451,1494,1491,412
4,Math,Grade 4,1443,1465,1517,412
4,Math,Grade 4,1466,1475,1509,412
4,Math,Grade 4,1451,1494,1536,412
4,Math,Grade 4,1458,1475,1509,412
4,Math,Grade 4,1418,1519,1554,412
4,Math,Grade 4,1458,1465,1509,412
4,Math,Grade 4,1481,1511,1509,412
4,Math,Grade 4,1494,1511,1525,412
4,Math,Grade 4,1474,1553,1500,412
4,Math,Grade 4,1443,1502,1536,412
4,Math,Grade 4,1443,1544,1471,412
4,Math,Grade 4,1474,1579,1534,412
4,Math,Grade 4,1426,1502,1554,412
4,Math,Grade 4,1435,1502,1500,412
4,Math,Grade 4,1466,1536,1545,412
4,Math,Grade 4,1443,1523,1517,412
4,Math,Grade 4,1504,1581,1562,412
4,Math,Grade 4,1451,1519,1517,412
4,Math,Grade 4,1451,1465,1517,412
4,Math,Grade 4,1474,1511,1509,412
4,Math,Grade 4,1481,1502,1571,412
4,Math,Grade 4,1494,1536,1525,412
4,Math,Grade 4,1481,1519,1471,412
4,Math,Grade 4,1466,1502,1471,412
4,Math,Grade 4,1465,1519,1509,412
4,Math,Grade 4,1451,1494,1534,412
4,Math,Grade 4,1451,1494,1471,412
4,Math,Grade 4,1426,1453,1517,413
4,Math,Grade 4,1443,1426,1471,413
4,Math,Grade 4,1489,1502,1509,413
4,Math,Grade 4,1458,1511,1482,413
4,Math,Grade 4,1474,1494,1509,413
4,Math,Grade 4,1466,1465,1525,413
4,Math,Grade 4,1481,1485,1500,413
4,Math,Grade 4,1481,1502,1517,413
4,Math,Grade 4,1466,1494,1525,413
4,Math,Grade 4,1458,1511,1534,413
4,Math,Grade 4,1516,1544,1517,413
4,Math,Grade 4,1489,1485,1500,413
4,Math,Grade 4,1504,1494,1500,413
4,Math,Grade 4,1482,1553,1651,413
4,Math,Grade 4,1474,1519,1558,413
4,Math,Grade 4,1451,1502,1517,413
4,Math,Grade 4,1443,1485,1517,413
4,Math,Grade 4,1435,1426,1460,413
4,Math,Grade 4,1375,1494,1500,413
4,Math,Grade 4,1482,1494,1550,413
4,Math,Grade 4,1399,1485,1491,413
4,Math,Grade 4,1458,1544,1604,413
4,Math,Grade 4,1481,1502,1509,413
4,Math,Grade 4,1458,1563,1517,413
4,Math,Grade 4,1518,1553,1525,413
4,Math,Grade 4,1388,1485,1517,413
4,Math,Grade 4,1509,1544,1536,413
4,Math,Grade 4,1489,1494,1517,413
4,Math,Grade 4,1466,1552,1536,413
4,Math,Grade 4,1443,1527,1460,413
4,Math,Grade 4,1497,1511,1534,413
4,Math,Grade 4,1451,1519,1550,413
4,Math,Grade 4,1466,1544,1509,413
4,Math,Grade 4,1451,1494,1562,413
4,Math,Grade 4,1418,1511,1509,413
4,Math,Grade 4,1466,1511,1509,413
4,Math,Grade 4,1418,1511,1500,413
4,Math,Grade 4,1458,1502,1562,413
4,Math,Grade 4,1426,1494,1509,413
4,Math,Grade 4,1489,1408,1448,413
4,Math,Grade 4,1489,1502,1534,413
4,Math,Grade 4,1466,1519,1491,414
4,Math,Grade 4,1474,1511,1558,414
4,Math,Grade 4,1489,1544,1542,414
4,Math,Grade 4,1516,1527,1509,414
4,Math,Grade 4,1426,1485,1517,414
4,Math,Grade 4,1489,1502,1579,414
4,Math,Grade 4,1489,1465,1525,414
4,Math,Grade 4,1458,1519,1517,414
4,Math,Grade 4,1497,1553,1566,414
4,Math,Grade 4,1523,1494,1542,414
4,Math,Grade 4,1481,1572,1542,414
4,Math,Grade 4,1435,1494,1500,414
4,Math,Grade 4,1489,1533,1517,414
4,Math,Grade 4,1505,1581,1509,414
4,Math,Grade 4,1494,1502,1517,414
4,Math,Grade 4,1481,1523,1525,414
4,Math,Grade 4,1458,1553,1517,414
4,Math,Grade 4,1418,1502,1471,414
4,Math,Grade 4,1474,1544,1558,414
4,Math,Grade 4,1481,1523,1554,414
4,Math,Grade 4,1474,1453,1471,414
4,Math,Grade 4,1497,1563,1471,414
4,Math,Grade 4,1418,1511,1482,414
4,Math,Grade 4,1466,1533,1500,414
4,Math,Grade 4,1408,1511,1525,414
4,Math,Grade 4,1481,1511,1550,414
4,Math,Grade 4,1560,1572,1604,414
4,Math,Grade 4,1466,1519,1545,414
4,Math,Grade 4,1458,1475,1525,414
4,Math,Grade 4,1458,1475,1525,414
4,Math,Grade 4,1474,1563,1542,414
4,Math,Grade 4,1443,1465,1517,414
4,Math,Grade 4,1458,1485,1509,414
4,Math,Grade 4,1489,1502,1500,414
4,Math,Grade 4,1435,1536,1500,414
4,Math,Grade 4,1458,1511,1596,414
4,Math,Grade 4,1466,1494,1517,414
4,Math,Grade 4,1552,1553,1545,414
4,Math,Grade 4,1458,1494,1542,414
4,Math,Grade 4,1458,1519,1509,414
4,Math,Grade 4,1489,1511,1509,414
4,Math,Grade 4,1474,1485,1471,414
4,Math,Grade 4,1474,1523,1534,414
4,Math,Grade 4,1435,1544,1500,414
4,Math,Grade 4,1523,1533,1542,414
4,Math,Grade 4,1472,1536,1571,414
4,Math,Grade 4,1466,1527,1571,414
4,Math,Grade 4,1451,1502,1545,414
4,Math,Grade 4,1435,1475,1500,414
4,Math,Grade 4,1516,1553,1509,414
4,Math,Grade 4,1501,1475,1460,414
4,Math,Grade 4,1494,1502,1500,414
4,Math,Grade 4,1451,1544,1534,415
4,Math,Grade 4,1466,1502,1525,415
4,Math,Grade 4,1466,1475,1534,415
4,Math,Grade 4,1474,1475,1482,415
4,Math,Grade 4,1497,1536,1500,415
4,Math,Grade 4,1481,1485,1448,415
4,Math,Grade 4,1458,1485,1542,415
4,Math,Grade 4,1489,1502,1534,415
4,Math,Grade 4,1457,1475,1558,415
4,Math,Grade 4,1474,1511,1500,415
4,Math,Grade 4,1497,1527,1517,415
4,Math,Grade 4,1480,1519,1558,415
4,Math,Grade 4,1481,1553,1517,415
4,Math,Grade 4,1481,1511,1525,415
4,Math,Grade 4,1466,1465,1542,415
4,Math,Grade 4,1466,1441,1554,415
4,Math,Grade 4,1489,1485,1545,415
4,Math,Grade 4,1481,1485,1482,415
4,Math,Grade 4,1426,1502,1500,415
4,Math,Grade 4,1474,1502,1536,415
4,Math,Grade 4,1466,1581,1554,415
4,Math,Grade 4,1489,1511,1517,415
4,Math,Grade 4,1481,1519,1558,415
4,Math,Grade 4,1497,1453,1517,415
4,Math,Grade 4,1494,1527,1571,415
4,Math,Grade 4,1509,1511,1500,415
4,Math,Grade 4,1489,1527,1509,415
4,Math,Grade 4,1494,1655,1592,416
4,Math,Grade 4,1466,1527,1509,416
4,Math,Grade 4,1481,1494,1500,416
4,Math,Grade 4,1443,1465,1471,416
4,Math,Grade 4,1474,1485,1482,416
4,Math,Grade 4,1458,1511,1525,416
4,Math,Grade 4,1458,1502,1500,416
4,Math,Grade 4,1505,1511,1509,416
4,Math,Grade 4,1481,1511,1525,416
4,Math,Grade 4,1481,1533,1517,416
4,Math,Grade 4,1516,1544,1596,416
4,Math,Grade 4,1533,1511,1571,416
4,Math,Grade 4,1502,1502,1460,416
4,Math,Grade 4,1466,1485,1500,416
4,Math,Grade 4,1481,1485,1500,416
4,Math,Grade 4,1458,1519,1534,416
4,Math,Grade 4,1504,1511,1534,416
4,Math,Grade 4,1472,1552,1517,416
4,Math,Grade 4,1458,1533,1509,416
4,Math,Grade 4,1494,1502,1525,416
4,Math,Grade 4,1451,1527,1534,416
4,Math,Grade 4,1466,1485,1491,416
4,Math,Grade 4,1474,1527,1525,416
4,Math,Grade 4,1481,1485,1542,416
4,Math,Grade 4,1489,1519,1534,416
4,Math,Grade 4,1466,1527,1491,416
4,Math,Grade 4,1466,1502,1517,416
4,Math,Grade 4,1511,1561,1536,416
4,Math,Grade 4,1474,1494,1491,416
4,Math,Grade 4,1443,1475,1525,416
4,Math,Grade 4,1474,1519,1525,416
4,Math,Grade 4,1466,1519,1690,416
4,Math,Grade 4,1481,1553,1574,416
4,Math,Grade 4,1458,1502,1491,416
4,Math,Grade 4,1466,1553,1554,416
4,Math,Grade 4,1443,1475,1509,416
4,Math,Grade 4,1388,1527,1500,417
4,Math,Grade 4,1489,1519,1517,417
4,Math,Grade 4,1458,1519,1534,417
4,Math,Grade 4,1465,1494,1536,417
4,Math,Grade 4,1489,1465,1517,417
4,Math,Grade 4,1545,1572,1542,417
4,Math,Grade 4,1497,1527,1525,417
4,Math,Grade 4,1502,1519,1534,417
4,Math,Grade 4,1458,1475,1509,417
4,Math,Grade 4,1458,1523,1517,417
4,Math,Grade 4,1466,1553,1554,417
4,Math,Grade 4,1472,1511,1517,417
4,Math,Grade 4,1523,1527,1525,417
4,Math,Grade 4,1505,1502,1542,417
4,Math,Grade 4,1478,1494,1558,417
4,Math,Grade 4,1451,1553,1491,417
4,Math,Grade 4,1552,1561,1571,417
4,Math,Grade 4,1458,1485,1482,417
4,Math,Grade 4,1466,1502,1525,417
4,Math,Grade 4,1443,1519,1525,417
4,Math,Grade 4,1523,1581,1579,417
4,Math,Grade 4,1481,1527,1542,417
4,Math,Grade 4,1458,1519,1482,417
4,Math,Grade 4,1474,1563,1509,417
4,Math,Grade 4,1458,1553,1554,417
4,Math,Grade 4,1458,1511,1542,417
4,Math,Grade 4,1435,1502,1509,417
4,Math,Grade 4,1509,1590,1566,417
4,Math,Grade 4,1509,1519,1550,417
4,Math,Grade 4,1474,1494,1491,417
4,Math,Grade 4,1502,1552,1571,417
4,Math,Grade 4,1504,1502,1525,417
4,Math,Grade 4,1513,1590,1579,417
4,Math,Grade 4,1418,1519,1491,417
4,Math,Grade 4,1487,1527,1517,417
4,Math,Grade 4,1481,1527,1562,417
4,Math,Grade 4,1489,1544,1534,417
4,Math,Grade 4,1399,1519,1500,417
4,Math,Grade 4,1523,1563,1550,417
4,Math,Grade 4,1494,1544,1542,417
4,Math,Grade 4,1504,1536,1554,417
4,Math,Grade 4,1494,1552,1562,417
4,Math,Grade 4,1497,1519,1662,417
4,Math,Grade 4,1509,1544,1534,417
4,Math,Grade 4,1443,1511,1534,417
4,Math,Grade 4,1408,1485,1491,417
4,Math,Grade 4,1458,1511,1562,417
4,Math,Grade 4,1481,1519,1542,418
4,Math,Grade 4,1458,1527,1525,418
4,Math,Grade 4,1538,1563,1571,418
4,Math,Grade 4,1458,1527,1534,418
4,Math,Grade 4,1451,1494,1525,418
4,Math,Grade 4,1474,1572,1517,418
4,Math,Grade 4,1458,1553,1491,418
4,Math,Grade 4,1501,1536,1517,418
4,Math,Grade 4,1489,1527,1509,418
4,Math,Grade 4,1526,1536,1545,418
4,Math,Grade 4,1418,1453,1509,418
4,Math,Grade 4,1435,1494,1554,418
4,Math,Grade 4,1458,1494,1536,418
4,Math,Grade 4,1481,1519,1562,418
4,Math,Grade 4,1494,1519,1558,418
4,Math,Grade 4,1501,1485,1542,418
4,Math,Grade 4,1435,1475,1509,418
4,Math,Grade 4,1474,1553,1558,418
4,Math,Grade 4,1474,1536,1500,418
4,Math,Grade 4,1443,1502,1509,418
4,Math,Grade 4,1458,1485,1571,418
4,Math,Grade 4,1511,1519,1471,418
4,Math,Grade 4,1489,1544,1482,418
4,Math,Grade 4,1435,1511,1482,418
4,Math,Grade 4,1474,1519,1509,418
4,Math,Grade 4,1466,1475,1579,418
4,Math,Grade 4,1426,1494,1517,418
4,Math,Grade 4,1435,1502,1471,418
4,Math,Grade 4,1474,1485,1525,418
4,Math,Grade 4,1538,1523,1545,418
4,Math,Grade 4,1451,1502,1517,418
4,Math,Grade 4,1474,1485,1517,418
4,Math,Grade 4,1481,1511,1517,418
4,Math,Grade 4,1451,1465,1525,418
4,Math,Grade 4,1486,1563,1525,418
4,Math,Grade 4,1504,1494,1562,418
4,Math,Grade 4,1466,1561,1534,418
4,Math,Grade 4,1466,1536,1517,418
4,Math,Grade 4,1474,1511,1536,418
4,Math,Grade 4,1443,1485,1517,418
4,Math,Grade 4,1443,1453,1542,418
4,Math,Grade 4,1505,1527,1534,418
4,Math,Grade 4,1435,1519,1491,418
4,Math,Grade 4,1486,1572,1534,418
4,Math,Grade 4,1435,1465,1534,418
4,Math,Grade 4,1466,1523,1509,418
4,Math,Grade 4,1474,1511,1587,418
4,Math,Grade 4,1518,1527,1534,418
4,Math,Grade 4,1465,1485,1542,418
4,Math,Grade 4,1481,1502,1525,418
4,Math,Grade 4,1481,1552,1509,418
4,Math,Grade 4,1494,1502,1509,418
4,Math,Grade 4,1474,1553,1574,418
4,Math,Grade 4,1451,1511,1500,418
4,Math,Grade 4,1489,1536,1534,418
4,Math,Grade 4,1526,1502,1587,418
4,Math,Grade 4,1466,1494,1482,418
4,Math,Grade 4,1458,1581,1500,419
4,Math,Grade 4,1474,1655,1571,419
4,Math,Grade 4,1511,1502,1471,419
4,Math,Grade 4,1457,1536,1509,419
4,Math,Grade 4,1449,1475,1482,419
4,Math,Grade 4,1497,1519,1509,419
4,Math,Grade 4,1466,1426,1525,419
4,Math,Grade 4,1501,1502,1562,419
4,Math,Grade 4,1481,1511,1500,419
4,Math,Grade 4,1509,1572,1517,419
4,Math,Grade 4,1489,1511,1526,419
4,Math,Grade 4,1408,1500,1562,419
4,Math,Grade 4,1466,1494,1550,419
4,Math,Grade 4,1474,1494,1500,419
4,Math,Grade 4,1474,1536,1534,419
4,Math,Grade 4,1489,1475,1587,419
4,Math,Grade 4,1466,1453,1550,419
4,Math,Grade 4,1418,1485,1471,419
4,Math,Grade 4,1505,1511,1517,419
4,Math,Grade 4,1451,1494,1525,419
4,Math,Grade 4,1530,1527,1574,419
4,Math,Grade 4,1458,1502,1525,419
4,Math,Grade 4,1481,1536,1517,419
4,Math,Grade 4,1443,1519,1525,419
4,Math,Grade 4,1481,1502,1525,419
4,Math,Grade 4,1504,1527,1542,419
4,Math,Grade 4,1451,1511,1542,419
4,Math,Grade 4,1497,1544,1525,419
4,Math,Grade 4,1474,1475,1534,419
4,Math,Grade 4,1474,1533,1550,419
4,Math,Grade 4,1443,1502,1517,419
4,Math,Grade 4,1497,1544,1525,419
4,Math,Grade 4,1435,1494,1509,419
4,Math,Grade 4,1501,1544,1554,419
4,Math,Grade 4,1458,1475,1525,419
4,Math,Grade 4,1466,1475,1542,419
4,Math,Grade 4,1478,1511,1562,419
4,Math,Grade 4,1474,1485,1500,419
4,Math,Grade 4,1466,1502,1525,419
4,Math,Grade 4,1523,1519,1587,419
4,Math,Grade 4,1516,1553,1517,419
4,Math,Grade 4,1497,1553,1554,419
4,Math,Grade 4,1497,1511,1534,419
4,Math,Grade 4,1502,1519,1542,419
4,Math,Grade 4,1481,1563,1534,419
4,Math,Grade 4,1560,1572,1517,419
4,Math,Grade 4,1458,1475,1500,419
4,Math,Grade 4,1481,1666,1550,419
4,Math,Grade 4,1505,1519,1509,419
4,Math,Grade 4,1451,1494,1500,419
4,Math,Grade 4,1504,1465,1500,419
4,Math,Grade 4,1481,1475,1509,419
4,Math,Grade 4,1494,1572,1662,420
4,Math,Grade 4,1481,1536,1534,420
4,Math,Grade 4,1509,1536,1562,420
4,Math,Grade 4,1474,1527,1536,420
4,Math,Grade 4,1489,1502,1517,420
4,Math,Grade 4,1418,1519,1509,420
4,Math,Grade 4,1466,1581,1525,420
4,Math,Grade 4,1516,1553,1471,420
4,Math,Grade 4,1517,1511,1550,420
4,Math,Grade 4,1443,1502,1525,420
4,Math,Grade 4,1458,1494,1545,420
4,Math,Grade 4,1451,1453,1500,420
4,Math,Grade 4,1494,1511,1554,420
4,Math,Grade 4,1509,1563,1525,420
4,Math,Grade 4,1481,1527,1542,420
4,Math,Grade 4,1474,1519,1554,420
4,Math,Grade 4,1451,1494,1517,420
4,Math,Grade 4,1474,1494,1517,420
4,Math,Grade 4,1472,1544,1525,420
4,Math,Grade 4,1552,1590,1534,420
4,Math,Grade 4,1474,1544,1554,420
4,Math,Grade 4,1435,1519,1491,420
4,Math,Grade 4,1530,1581,1509,420
4,Math,Grade 4,1482,1502,1534,420
4,Math,Grade 4,1481,1544,1554,420
4,Math,Grade 4,1458,1494,1562,420
4,Math,Grade 4,1497,1453,1525,420
4,Math,Grade 4,1504,1544,1558,420
4,Math,Grade 4,1481,1519,1558,420
4,Math,Grade 4,1451,1502,1525,420
4,Math,Grade 4,1497,1519,1525,420
4,Math,Grade 4,1540,1519,1545,420
4,Math,Grade 4,1457,1475,1613,420
4,Math,Grade 4,1489,1552,1587,420
4,Math,Grade 4,1426,1519,1517,420
4,Math,Grade 4,1509,1519,1558,420
4,Math,Grade 4,1480,1511,1509,420
4,Math,Grade 4,1466,1544,1596,421
4,Math,Grade 4,1516,1527,1517,421
4,Math,Grade 4,1523,1599,1562,421
4,Math,Grade 4,1466,1511,1509,421
4,Math,Grade 4,1474,1544,1574,421
4,Math,Grade 4,1509,1494,1613,421
4,Math,Grade 4,1474,1527,1571,421
4,Math,Grade 4,1458,1533,1500,421
4,Math,Grade 4,1489,1563,1566,421
4,Math,Grade 4,1361,1494,1500,421
4,Math,Grade 4,1458,1544,1579,421
4,Math,Grade 4,1494,1544,1517,421
4,Math,Grade 4,1435,1485,1482,421
4,Math,Grade 4,1458,1494,1571,421
4,Math,Grade 4,1486,1590,1542,421
4,Math,Grade 4,1388,1465,1558,421
4,Math,Grade 4,1489,1485,1500,421
4,Math,Grade 4,1518,1485,1500,421
4,Math,Grade 4,1435,1494,1491,421
4,Math,Grade 4,1418,1465,1482,421
4,Math,Grade 4,1458,1485,1500,421
4,Math,Grade 4,1458,1544,1545,421
4,Math,Grade 4,1472,1511,1509,421
4,Math,Grade 4,1509,1544,1542,421
4,Math,Grade 4,1481,1527,1550,421
4,Math,Grade 4,1509,1527,1542,422
4,Math,Grade 4,1426,1536,1534,422
4,Math,Grade 4,1489,1494,1500,422
4,Math,Grade 4,1426,1527,1525,422
4,Math,Grade 4,1545,1553,1534,422
4,Math,Grade 4,1538,1527,1550,422
4,Math,Grade 4,1494,1544,1579,422
4,Math,Grade 4,1497,1511,1542,422
4,Math,Grade 4,1489,1572,1509,422
4,Math,Grade 4,1489,1563,1517,422
4,Math,Grade 4,1474,1536,1500,422
4,Math,Grade 4,1451,1590,1554,422
4,Math,Grade 4,1494,1502,1558,422
4,Math,Grade 4,1481,1519,1509,422
4,Math,Grade 4,1489,1502,1542,422
4,Math,Grade 4,1474,1502,1482,422
4,Math,Grade 4,1458,1494,1509,422
4,Math,Grade 4,1466,1475,1517,422
4,Math,Grade 4,1504,1519,1562,422
4,Math,Grade 4,1504,1527,1525,422
4,Math,Grade 4,1481,1553,1545,422
4,Math,Grade 4,1518,1572,1509,422
4,Math,Grade 4,1481,1519,1579,422
4,Math,Grade 4,1489,1485,1525,422
4,Math,Grade 4,1505,1519,1550,422
4,Math,Grade 4,1509,1552,1491,422
4,Math,Grade 4,1458,1533,1525,422
4,Math,Grade 4,1494,1569,1542,422
4,Math,Grade 4,1486,1527,1525,422
4,Math,Grade 4,1509,1536,1542,422
4,Math,Grade 4,1509,1553,1562,422
4,Math,Grade 4,1482,1502,1500,422
4,Math,Grade 4,1474,1494,1482,423
4,Math,Grade 4,1494,1563,1526,423
4,Math,Grade 4,1497,1485,1536,423
4,Math,Grade 4,1426,1553,1509,423
4,Math,Grade 4,1481,1502,1562,423
4,Math,Grade 4,1489,1502,1509,423
4,Math,Grade 4,1466,1494,1566,423
4,Math,Grade 4,1466,1519,1517,423
4,Math,Grade 4,1466,1511,1500,423
4,Math,Grade 4,1530,1511,1534,423
4,Math,Grade 4,1480,1572,1534,423
4,Math,Grade 4,1511,1519,1517,423
4,Math,Grade 4,1481,1519,1517,423
4,Math,Grade 4,1489,1494,1534,423
4,Math,Grade 4,1489,1563,1542,423
4,Math,Grade 4,1474,1523,1550,423
4,Math,Grade 4,1451,1519,1509,423
4,Math,Grade 4,1458,1581,1525,423
4,Math,Grade 4,1474,1536,1596,423
4,Math,Grade 4,1472,1527,1517,423
4,Math,Grade 4,1509,1475,1558,423
4,Math,Grade 4,1481,1581,1662,423
4,Math,Grade 4,1443,1536,1517,423
4,Math,Grade 4,1489,1536,1525,423
4,Math,Grade 4,1516,1519,1509,423
4,Math,Grade 4,1458,1494,1482,423
4,Math,Grade 4,1426,1519,1545,423
4,Math,Grade 4,1481,1544,1545,423
4,Math,Grade 4,1458,1475,1558,423
4,Math,Grade 4,1509,1502,1500,423
4,Math,Grade 4,1502,1536,1545,423
4,Math,Grade 4,1474,1544,1566,423
4,Math,Grade 4,1501,1519,1500,423
4,Math,Grade 4,1466,1527,1517,423
4,Math,Grade 4,1513,1552,1562,424
4,Math,Grade 4,1489,1494,1534,424
4,Math,Grade 4,1504,1590,1525,424
4,Math,Grade 4,1451,1527,1604,424
4,Math,Grade 4,1426,1553,1500,424
4,Math,Grade 4,1408,1511,1550,424
4,Math,Grade 4,1458,1485,1491,424
4,Math,Grade 4,1509,1572,1545,424
4,Math,Grade 4,1466,1511,1491,424
4,Math,Grade 4,1451,1494,1517,424
4,Math,Grade 4,1451,1544,1562,424
4,Math,Grade 4,1481,1544,1482,424
4,Math,Grade 4,1489,1563,1534,424
4,Math,Grade 4,1465,1519,1579,424
4,Math,Grade 4,1480,1519,1525,424
4,Math,Grade 4,1511,1527,1558,424
4,Math,Grade 4,1489,1533,1491,424
4,Math,Grade 4,1474,1519,1558,424
4,Math,Grade 4,1474,1511,1562,424
4,Math,Grade 4,1474,1527,1604,424
4,Math,Grade 4,1443,1502,1471,424
4,Math,Grade 4,1458,1494,1542,424
4,Math,Grade 4,1474,1625,1769,424
4,Math,Grade 4,1458,1511,1536,424
4,Math,Grade 4,1474,1569,1587,424
4,Math,Grade 4,1489,1572,1526,424
4,Math,Grade 4,1501,1544,1579,424
4,Math,Grade 4,1504,1502,1545,424
4,Math,Grade 4,1497,1590,1500,424
4,Math,Grade 4,1418,1519,1571,425
4,Math,Grade 4,1458,1485,1471,425
4,Math,Grade 4,1481,1494,1517,425
4,Math,Grade 4,1489,1572,1534,425
4,Math,Grade 4,1451,1519,1525,425
4,Math,Grade 4,1497,1519,1562,425
4,Math,Grade 4,1538,1544,1550,425
4,Math,Grade 4,1530,1599,1587,425
4,Math,Grade 4,1497,1494,1542,425
4,Math,Grade 4,1451,1536,1558,425
4,Math,Grade 4,1482,1453,1517,425
4,Math,Grade 4,1466,1511,1534,425
4,Math,Grade 4,1487,1553,1525,425
4,Math,Grade 4,1474,1485,1562,425
4,Math,Grade 4,1458,1502,1517,425
4,Math,Grade 4,1481,1502,1517,425
4,Math,Grade 4,1497,1502,1517,425
4,Math,Grade 4,1451,1453,1509,425
4,Math,Grade 4,1451,1494,1491,425
4,Math,Grade 4,1474,1494,1491,425
4,Math,Grade 4,1426,1553,1517,425
4,Math,Grade 4,1435,1691,1622,425
4,Math,Grade 4,1443,1475,1471,425
4,Math,Grade 4,1466,1502,1571,425
4,Math,Grade 4,1560,1590,1571,425
4,Math,Grade 4,1516,1552,1509,425
4,Math,Grade 4,1505,1527,1482,425
4,Math,Grade 4,1504,1485,1542,425
4,Math,Grade 4,1458,1494,1509,425
4,Math,Grade 4,1443,1519,1545,425
4,Math,Grade 4,1451,1475,1491,425
4,Math,Grade 4,1466,1511,1596,425
4,Math,Grade 4,1474,1511,1525,425
4,Math,Grade 4,1501,1519,1571,425
4,Math,Grade 4,1494,1533,1550,425
4,Math,Grade 4,1487,1563,1566,425
4,Math,Grade 4,1474,1536,1525,425
4,Math,Grade 4,1486,1533,1525,425
4,Math,Grade 4,1435,1494,1482,425
4,Math,Grade 4,1497,1544,1545,426
4,Math,Grade 4,1474,1502,1525,426
4,Math,Grade 4,1481,1485,1491,426
4,Math,Grade 4,1474,1572,1509,426
4,Math,Grade 4,1474,1527,1545,426
4,Math,Grade 4,1523,1572,1542,426
4,Math,Grade 4,1494,1563,1525,426
4,Math,Grade 4,1457,1552,1604,426
4,Math,Grade 4,1523,1544,1554,426
4,Math,Grade 4,1502,1572,1534,426
4,Math,Grade 4,1487,1599,1579,426
4,Math,Grade 4,1466,1511,1491,426
4,Math,Grade 4,1474,1563,1536,426
4,Math,Grade 4,1474,1519,1534,426
4,Math,Grade 4,1458,1553,1534,426
4,Math,Grade 4,1435,1502,1536,426
4,Math,Grade 4,1530,1502,1525,426
4,Math,Grade 4,1481,1527,1550,426
4,Math,Grade 4,1474,1511,1517,426
4,Math,Grade 4,1489,1572,1534,426
4,Math,Grade 4,1466,1544,1534,426
4,Math,Grade 4,1497,1544,1542,426
4,Math,Grade 4,1474,1519,1517,426
4,Math,Grade 4,1458,1494,1509,426
4,Math,Grade 4,1523,1590,1596,426
4,Math,Grade 4,1481,1581,1571,426
4,Math,Grade 4,1489,1544,1554,426
4,Math,Grade 4,1497,1519,1542,426
4,Math,Grade 4,1504,1502,1554,426
4,Math,Grade 4,1481,1523,1517,426
4,Math,Grade 4,1481,1561,1542,426
4,Math,Grade 4,1451,1485,1482,426
4,Math,Grade 4,1466,1519,1574,426
4,Math,Grade 4,1481,1523,1517,426
4,Math,Grade 4,1474,1552,1596,426
4,Math,Grade 4,1494,1553,1534,426
4,Math,Grade 4,1487,1536,1562,426
4,Math,Grade 4,1472,1544,1536,427
4,Math,Grade 4,1489,1552,1509,427
4,Math,Grade 4,1494,1552,1517,427
4,Math,Grade 4,1494,1491,1517,427
4,Math,Grade 4,1545,1527,1509,427
4,Math,Grade 4,1465,1519,1558,427
4,Math,Grade 4,1481,1465,1509,427
4,Math,Grade 4,1474,1527,1562,427
4,Math,Grade 4,1451,1485,1517,427
4,Math,Grade 4,1466,1475,1525,427
4,Math,Grade 4,1516,1553,1534,427
4,Math,Grade 4,1481,1536,1562,427
4,Math,Grade 4,1516,1553,1579,427
4,Math,Grade 4,1451,1536,1534,427
4,Math,Grade 4,1451,1475,1571,427
4,Math,Grade 4,1466,1519,1571,427
4,Math,Grade 4,1487,1527,1525,427
4,Math,Grade 4,1451,1523,1526,427
4,Math,Grade 4,1443,1453,1526,427
4,Math,Grade 4,1494,1511,1587,427
4,Math,Grade 4,1474,1502,1534,427
4,Math,Grade 4,1458,1519,1526,427
4,Math,Grade 4,1426,1465,1491,427
4,Math,Grade 4,1504,1563,1554,427
4,Math,Grade 4,1494,1536,1545,427
4,Math,Grade 4,1458,1563,1525,427
4,Math,Grade 4,1501,1625,1579,427
4,Math,Grade 4,1516,1523,1579,427
4,Math,Grade 4,1458,1519,1579,428
4,Math,Grade 4,1497,1572,1579,428
4,Math,Grade 4,1480,1519,1534,428
4,Math,Grade 4,1516,1553,1545,428
4,Math,Grade 4,1458,1485,1482,428
4,Math,Grade 4,1523,1581,1500,428
4,Math,Grade 4,1458,1511,1491,428
4,Math,Grade 4,1474,1527,1525,428
4,Math,Grade 4,1466,1485,1526,428
4,Math,Grade 4,1443,1494,1517,428
4,Math,Grade 4,1489,1552,1517,428
4,Math,Grade 4,1443,1502,1534,428
4,Math,Grade 4,1494,1502,1517,428
4,Math,Grade 4,1474,1536,1517,428
4,Math,Grade 4,1474,1511,1482,428
4,Math,Grade 4,1497,1485,1587,428
4,Math,Grade 4,1474,1494,1554,428
4,Math,Grade 4,1482,1494,1500,428
4,Math,Grade 4,1472,1533,1525,428
4,Math,Grade 4,1466,1552,1517,428
4,Math,Grade 4,1497,1519,1509,428
4,Math,Grade 4,1509,1544,1536,428
4,Math,Grade 4,1494,1572,1517,428
4,Math,Grade 4,1538,1552,1604,428
4,Math,Grade 4,1451,1590,1583,428
4,Math,Grade 4,1474,1527,1542,428
4,Math,Grade 4,1497,1527,1542,428
4,Math,Grade 4,1481,1544,1517,428
4,Math,Grade 4,1451,1572,1596,428
4,Math,Grade 4,1480,1527,1604,428
4,Math,Grade 4,1511,1536,1542,428
4,Math,Grade 4,1538,1581,1542,428
4,Math,Grade 4,1501,1572,1587,428
4,Math,Grade 4,1474,1563,1536,429
4,Math,Grade 4,1538,1563,1562,429
4,Math,Grade 4,1481,1485,1554,429
4,Math,Grade 4,1516,1511,1558,429
4,Math,Grade 4,1472,1527,1562,429
4,Math,Grade 4,1523,1561,1562,429
4,Math,Grade 4,1504,1563,1554,429
4,Math,Grade 4,1481,1527,1500,429
4,Math,Grade 4,1466,1533,1566,429
4,Math,Grade 4,1545,1563,1517,429
4,Math,Grade 4,1458,1581,1482,429
4,Math,Grade 4,1465,1511,1571,429
4,Math,Grade 4,1511,1527,1534,429
4,Math,Grade 4,1511,1655,1641,429
4,Math,Grade 4,1472,1519,1534,429
4,Math,Grade 4,1497,1519,1534,429
4,Math,Grade 4,1494,1519,1579,429
4,Math,Grade 4,1466,1441,1534,429
4,Math,Grade 4,1375,1502,1517,429
4,Math,Grade 4,1474,1519,1525,429
4,Math,Grade 4,1451,1519,1517,429
4,Math,Grade 4,1509,1552,1571,429
4,Math,Grade 4,1482,1519,1525,429
4,Math,Grade 4,1474,1561,1517,429
4,Math,Grade 4,1509,1563,1491,429
4,Math,Grade 4,1523,1465,1534,429
4,Math,Grade 4,1480,1544,1596,429
4,Math,Grade 4,1435,1494,1517,429
4,Math,Grade 4,1451,1519,1482,429
4,Math,Grade 4,1497,1511,1525,429
4,Math,Grade 4,1489,1527,1550,429
4,Math,Grade 4,1538,1485,1525,429
4,Math,Grade 4,1501,1527,1587,429
4,Math,Grade 4,1474,1502,1509,429
4,Math,Grade 4,1466,1485,1509,429
4,Math,Grade 4,1489,1536,1517,429
4,Math,Grade 4,1474,1519,1482,429
4,Math,Grade 4,1466,1494,1491,429
4,Math,Grade 4,1481,1544,1592,429
4,Math,Grade 4,1458,1519,1534,429
4,Math,Grade 4,1482,1502,1517,429
4,Math,Grade 4,1504,1519,1509,429
4,Math,Grade 4,1480,1523,1500,429
4,Math,Grade 4,1451,1536,1554,429
4,Math,Grade 4,1516,1527,1571,429
4,Math,Grade 4,1523,1553,1509,429
4,Math,Grade 4,1451,1494,1471,429
4,Math,Grade 4,1474,1572,1562,429
4,Math,Grade 4,1451,1533,1509,429
4,Math,Grade 4,1497,1536,1566,429
4,Math,Grade 4,1458,1536,1471,429
4,Math,Grade 4,1443,1465,1491,430
4,Math,Grade 4,1504,1441,1550,430
4,Math,Grade 4,1481,1527,1509,430
4,Math,Grade 4,1474,1666,1562,430
4,Math,Grade 4,1504,1465,1525,430
4,Math,Grade 4,1466,1519,1550,430
4,Math,Grade 4,1489,1590,1526,430
4,Math,Grade 4,1504,1572,1631,430
4,Math,Grade 4,1451,1544,1509,430
4,Math,Grade 4,1509,1511,1536,430
4,Math,Grade 4,1518,1511,1554,430
4,Math,Grade 4,1516,1536,1482,430
4,Math,Grade 4,1489,1544,1550,430
4,Math,Grade 4,1530,1536,1613,430
4,Math,Grade 4,1474,1527,1542,430
4,Math,Grade 4,1487,1563,1558,430
4,Math,Grade 4,1481,1536,1562,430
4,Math,Grade 4,1489,1544,1517,430
4,Math,Grade 4,1489,1553,1558,430
4,Math,Grade 4,1457,1494,1571,430
4,Math,Grade 4,1435,1502,1517,430
4,Math,Grade 4,1443,1485,1509,430
4,Math,Grade 4,1481,1563,1534,430
4,Math,Grade 4,1443,1502,1579,430
4,Math,Grade 4,1497,1527,1525,430
4,Math,Grade 4,1481,1485,1517,430
4,Math,Grade 4,1466,1519,1500,430
4,Math,Grade 4,1443,1511,1517,430
4,Math,Grade 4,1501,1519,1491,430
4,Math,Grade 4,1509,1544,1562,430
4,Math,Grade 4,1474,1519,1562,430
4,Math,Grade 4,1481,1494,1509,430
4,Math,Grade 4,1466,1572,1517,430
4,Math,Grade 4,1509,1502,1525,430
4,Math,Grade 4,1489,1485,1571,430
4,Math,Grade 4,1474,1441,1662,430
4,Math,Grade 4,1497,1581,1545,430
4,Math,Grade 4,1458,1485,1448,430
4,Math,Grade 4,1466,1572,1554,431
4,Math,Grade 4,1530,1553,1509,431
4,Math,Grade 4,1552,1563,1571,431
4,Math,Grade 4,1494,1527,1558,431
4,Math,Grade 4,1567,1581,1587,431
4,Math,Grade 4,1474,1527,1554,431
4,Math,Grade 4,1466,1536,1517,431
4,Math,Grade 4,1523,1599,1550,431
4,Math,Grade 4,1545,1527,1517,431
4,Math,Grade 4,1497,1502,1525,431
4,Math,Grade 4,1474,1502,1534,431
4,Math,Grade 4,1465,1527,1542,431
4,Math,Grade 4,1489,1536,1596,431
4,Math,Grade 4,1458,1572,1491,431
4,Math,Grade 4,1435,1502,1491,431
4,Math,Grade 4,1458,1502,1509,431
4,Math,Grade 4,1497,1494,1550,431
4,Math,Grade 4,1489,1590,1579,431
4,Math,Grade 4,1426,1502,1542,431
4,Math,Grade 4,1481,1519,1500,431
4,Math,Grade 4,1451,1519,1509,431
4,Math,Grade 4,1474,1536,1562,431
4,Math,Grade 4,1474,1536,1566,431
4,Math,Grade 4,1474,1553,1482,431
4,Math,Grade 4,1502,1563,1525,431
4,Math,Grade 4,1516,1581,1571,431
4,Math,Grade 4,1530,1527,1558,431
4,Math,Grade 4,1474,1511,1482,431
4,Math,Grade 4,1516,1581,1542,431
4,Math,Grade 4,1501,1511,1596,431
4,Math,Grade 4,1458,1511,1558,431
4,Math,Grade 4,1466,1475,1500,431
4,Math,Grade 4,1472,1552,1509,431
4,Math,Grade 4,1466,1527,1562,431
4,Math,Grade 4,1474,1475,1509,431
4,Math,Grade 4,1426,1494,1500,431
4,Math,Grade 4,1497,1511,1509,431
4,Math,Grade 4,1494,1511,1509,431
4,Math,Grade 4,1552,1519,1534,432
4,Math,Grade 4,1509,1519,1550,432
4,Math,Grade 4,1443,1485,1491,432
4,Math,Grade 4,1443,1536,1509,432
4,Math,Grade 4,1538,1599,1554,432
4,Math,Grade 4,1466,1544,1534,432
4,Math,Grade 4,1489,1485,1525,432
4,Math,Grade 4,1516,1502,1579,432
4,Math,Grade 4,1538,1590,1631,432
4,Math,Grade 4,1509,1494,1525,432
4,Math,Grade 4,1458,1485,1536,432
4,Math,Grade 4,1474,1494,1509,432
4,Math,Grade 4,1443,1485,1545,432
4,Math,Grade 4,1435,1494,1491,432
4,Math,Grade 4,1426,1519,1525,432
4,Math,Grade 4,1523,1635,1525,432
4,Math,Grade 4,1497,1485,1562,432
4,Math,Grade 4,1474,1544,1562,432
4,Math,Grade 4,1494,1552,1517,432
4,Math,Grade 4,1480,1511,1525,432
4,Math,Grade 4,1478,1544,1500,432
4,Math,Grade 4,1497,1519,1525,432
4,Math,Grade 4,1489,1511,1542,432
4,Math,Grade 4,1458,1572,1554,432
4,Math,Grade 4,1474,1599,1500,432
4,Math,Grade 4,1466,1536,1536,432
4,Math,Grade 4,1472,1544,1562,432
4,Math,Grade 4,1516,1563,1554,432
4,Math,Grade 4,1530,1553,1554,432
4,Math,Grade 4,1518,1544,1596,432
4,Math,Grade 4,1481,1552,1525,432
4,Math,Grade 4,1501,1533,1536,432
4,Math,Grade 4,1443,1494,1482,432
4,Math,Grade 4,1458,1511,1542,432
4,Math,Grade 4,1466,1502,1517,432
4,Math,Grade 4,1538,1502,1448,432
4,Math,Grade 4,1435,1519,1517,433
4,Math,Grade 4,1474,1511,1500,433
4,Math,Grade 4,1458,1519,1517,433
4,Math,Grade 4,1474,1553,1517,433
4,Math,Grade 4,1511,1494,1558,433
4,Math,Grade 4,1538,1563,1562,433
4,Math,Grade 4,1487,1544,1571,433
4,Math,Grade 4,1523,1527,1509,433
4,Math,Grade 4,1466,1519,1587,433
4,Math,Grade 4,1451,1519,1482,433
4,Math,Grade 4,1538,1519,1566,433
4,Math,Grade 4,1474,1502,1550,433
4,Math,Grade 4,1481,1502,1554,433
4,Math,Grade 4,1474,1519,1550,433
4,Math,Grade 4,1487,1544,1550,433
4,Math,Grade 4,1487,1536,1558,433
4,Math,Grade 4,1552,1561,1613,433
4,Math,Grade 4,1458,1552,1587,433
4,Math,Grade 4,1509,1502,1525,433
4,Math,Grade 4,1526,1544,1550,433
4,Math,Grade 4,1451,1475,1554,433
4,Math,Grade 4,1501,1544,1596,433
4,Math,Grade 4,1497,1544,1525,433
4,Math,Grade 4,1474,1502,1525,433
4,Math,Grade 4,1466,1536,1500,433
4,Math,Grade 4,1466,1485,1545,433
4,Math,Grade 4,1489,1519,1571,433
4,Math,Grade 4,1517,1519,1542,433
4,Math,Grade 4,1474,1485,1471,433
4,Math,Grade 4,1435,1544,1542,433
4,Math,Grade 4,1501,1494,1566,433
4,Math,Grade 4,1474,1494,1517,433
4,Math,Grade 4,1451,1511,1534,433
4,Math,Grade 4,1443,1453,1509,433
4,Math,Grade 4,1486,1502,1566,433
4,Math,Grade 4,1480,1590,1536,433
4,Math,Grade 4,1513,1581,1596,434
4,Math,Grade 4,1513,1519,1558,434
4,Math,Grade 4,1466,1563,1545,434
4,Math,Grade 4,1451,1527,1550,434
4,Math,Grade 4,1451,1572,1545,434
4,Math,Grade 4,1466,1527,1534,434
4,Math,Grade 4,1489,1553,1542,434
4,Math,Grade 4,1497,1502,1525,434
4,Math,Grade 4,1399,1465,1460,434
4,Math,Grade 4,1516,1544,1545,434
4,Math,Grade 4,1474,1485,1534,434
4,Math,Grade 4,1472,1533,1525,434
4,Math,Grade 4,1472,1544,1554,434
4,Math,Grade 4,1516,1561,1517,434
4,Math,Grade 4,1501,1572,1509,434
4,Math,Grade 4,1516,1581,1534,434
4,Math,Grade 4,1505,1644,1613,434
4,Math,Grade 4,1516,1502,1571,434
4,Math,Grade 4,1501,1581,1579,434
4,Math,Grade 4,1489,1553,1558,434
4,Math,Grade 4,1435,1519,1509,434
4,Math,Grade 4,1504,1502,1571,434
4,Math,Grade 4,1511,1502,1525,434
4,Math,Grade 4,1511,1536,1542,434
4,Math,Grade 4,1516,1485,1550,434
4,Math,Grade 4,1466,1563,1545,434
4,Math,Grade 4,1451,1511,1534,434
4,Math,Grade 4,1426,1552,1550,434
4,Math,Grade 4,1497,1494,1534,434
4,Math,Grade 4,1497,1533,1534,434
4,Math,Grade 4,1538,1553,1554,434
4,Math,Grade 4,1474,1519,1500,434
4,Math,Grade 4,1474,1552,1525,434
4,Math,Grade 4,1435,1511,1542,434
4,Math,Grade 4,1451,1544,1534,434
4,Math,Grade 4,1526,1511,1525,434
4,Math,Grade 4,1472,1502,1517,434
4,Math,Grade 4,1458,1544,1550,434
4,Math,Grade 4,1494,1563,1509,434
4,Math,Grade 4,1517,1563,1509,434
4,Math,Grade 4,1474,1502,1517,435
4,Math,Grade 4,1474,1527,1491,435
4,Math,Grade 4,1451,1511,1545,435
4,Math,Grade 4,1533,1581,1500,435
4,Math,Grade 4,1418,1536,1500,435
4,Math,Grade 4,1504,1563,1562,435
4,Math,Grade 4,1523,1563,1509,435
4,Math,Grade 4,1481,1533,1587,435
4,Math,Grade 4,1480,1544,1604,435
4,Math,Grade 4,1545,1544,1562,435
4,Math,Grade 4,1466,1544,1554,435
4,Math,Grade 4,1497,1502,1542,435
4,Math,Grade 4,1466,1572,1542,435
4,Math,Grade 4,1538,1563,1566,435
4,Math,Grade 4,1472,1553,1562,435
4,Math,Grade 4,1426,1485,1509,435
4,Math,Grade 4,1466,1553,1542,435
4,Math,Grade 4,1497,1485,1525,435
4,Math,Grade 4,1435,1494,1571,435
4,Math,Grade 4,1474,1511,1571,435
4,Math,Grade 4,1489,1511,1571,435
4,Math,Grade 4,1504,1581,1534,435
4,Math,Grade 4,1466,1519,1517,435
4,Math,Grade 4,1489,1523,1542,435
4,Math,Grade 4,1458,1502,1579,435
4,Math,Grade 4,1482,1485,1517,435
4,Math,Grade 4,1443,1511,1491,435
4,Math,Grade 4,1443,1485,1491,435
4,Math,Grade 4,1489,1536,1517,435
4,Math,Grade 4,1466,1536,1571,435
4,Math,Grade 4,1466,1494,1448,435
4,Math,Grade 4,1426,1572,1554,435
4,Math,Grade 4,1474,1519,1579,435
4,Math,Grade 4,1504,1572,1641,435
4,Math,Grade 4,1509,1485,1525,435
4,Math,Grade 4,1501,1635,1534,435
4,Math,Grade 4,1530,1553,1571,435
4,Math,Grade 4,1494,1502,1525,435
4,Math,Grade 4,1509,1485,1545,435
4,Math,Grade 4,1481,1519,1509,435
4,Math,Grade 4,1474,1544,1536,435
4,Math,Grade 4,1502,1519,1491,435
4,Math,Grade 4,1509,1561,1534,436
4,Math,Grade 4,1504,1527,1534,436
4,Math,Grade 4,1408,1502,1542,436
4,Math,Grade 4,1474,1502,1571,436
4,Math,Grade 4,1505,1553,1571,436
4,Math,Grade 4,1481,1544,1525,436
4,Math,Grade 4,1504,1569,1562,436
4,Math,Grade 4,1466,1511,1566,436
4,Math,Grade 4,1497,1544,1526,436
4,Math,Grade 4,1504,1511,1542,436
4,Math,Grade 4,1465,1552,1534,436
4,Math,Grade 4,1474,1494,1500,436
4,Math,Grade 4,1426,1536,1525,436
4,Math,Grade 4,1518,1552,1517,436
4,Math,Grade 4,1530,1511,1550,436
4,Math,Grade 4,1451,1563,1534,436
4,Math,Grade 4,1494,1581,1542,436
4,Math,Grade 4,1489,1544,1571,436
4,Math,Grade 4,1481,1563,1562,436
4,Math,Grade 4,1426,1494,1558,436
4,Math,Grade 4,1466,1544,1558,436
4,Math,Grade 4,1530,1527,1562,436
4,Math,Grade 4,1505,1552,1550,436
4,Math,Grade 4,1545,1581,1604,436
4,Math,Grade 4,1481,1533,1509,436
4,Math,Grade 4,1487,1572,1525,436
4,Math,Grade 4,1451,1527,1500,436
4,Math,Grade 4,1494,1563,1562,436
4,Math,Grade 4,1435,1485,1536,436
4,Math,Grade 4,1482,1544,1554,436
4,Math,Grade 4,1435,1502,1517,436
4,Math,Grade 4,1494,1563,1509,436
4,Math,Grade 4,1474,1494,1534,436
4,Math,Grade 4,1509,1572,1525,436
4,Math,Grade 4,1511,1563,1517,436
4,Math,Grade 4,1458,1552,1558,436
4,Math,Grade 4,1489,1502,1500,436
4,Math,Grade 4,1489,1599,1558,436
4,Math,Grade 4,1502,1553,1554,436
4,Math,Grade 4,1530,1581,1566,437
4,Math,Grade 4,1435,1581,1542,437
4,Math,Grade 4,1523,1572,1554,437
4,Math,Grade 4,1472,1533,1500,437
4,Math,Grade 4,1511,1536,1542,437
4,Math,Grade 4,1489,1544,1534,437
4,Math,Grade 4,1516,1561,1554,437
4,Math,Grade 4,1502,1599,1558,437
4,Math,Grade 4,1501,1502,1542,437
4,Math,Grade 4,1530,1553,1571,437
4,Math,Grade 4,1482,1527,1542,437
4,Math,Grade 4,1466,1511,1534,437
4,Math,Grade 4,1474,1502,1542,437
4,Math,Grade 4,1474,1536,1554,437
4,Math,Grade 4,1505,1561,1574,437
4,Math,Grade 4,1481,1485,1471,437
4,Math,Grade 4,1511,1590,1596,437
4,Math,Grade 4,1504,1572,1596,437
4,Math,Grade 4,1474,1533,1491,437
4,Math,Grade 4,1443,1552,1545,437
4,Math,Grade 4,1474,1563,1534,437
4,Math,Grade 4,1451,1502,1526,437
4,Math,Grade 4,1458,1511,1536,437
4,Math,Grade 4,1516,1590,1558,437
4,Math,Grade 4,1509,1563,1613,437
4,Math,Grade 4,1494,1561,1554,437
4,Math,Grade 4,1489,1519,1517,437
4,Math,Grade 4,1482,1519,1542,437
4,Math,Grade 4,1443,1511,1542,437
4,Math,Grade 4,1567,1553,1554,437
4,Math,Grade 4,1487,1581,1675,437
4,Math,Grade 4,1530,1553,1571,437
4,Math,Grade 4,1533,1536,1558,437
4,Math,Grade 4,1494,1552,1566,437
4,Math,Grade 4,1474,1536,1545,437
4,Math,Grade 4,1509,1544,1558,437
4,Math,Grade 4,1501,1511,1562,437
4,Math,Grade 4,1474,1519,1517,437
4,Math,Grade 4,1538,1552,1587,437
4,Math,Grade 4,1523,1561,1460,437
4,Math,Grade 4,1474,1494,1471,437
4,Math,Grade 4,1538,1616,1542,438
4,Math,Grade 4,1505,1599,1554,438
4,Math,Grade 4,1481,1553,1517,438
4,Math,Grade 4,1480,1536,1525,438
4,Math,Grade 4,1511,1572,1545,438
4,Math,Grade 4,1530,1536,1534,438
4,Math,Grade 4,1516,1519,1554,438
4,Math,Grade 4,1489,1494,1596,438
4,Math,Grade 4,1530,1561,1662,438
4,Math,Grade 4,1458,1519,1534,438
4,Math,Grade 4,1474,1616,1562,438
4,Math,Grade 4,1481,1527,1550,438
4,Math,Grade 4,1482,1572,1500,438
4,Math,Grade 4,1482,1485,1579,438
4,Math,Grade 4,1489,1511,1509,438
4,Math,Grade 4,1458,1599,1571,438
4,Math,Grade 4,1482,1494,1525,438
4,Math,Grade 4,1518,1527,1550,438
4,Math,Grade 4,1497,1533,1554,438
4,Math,Grade 4,1481,1544,1509,438
4,Math,Grade 4,1489,1579,1562,438
4,Math,Grade 4,1489,1527,1525,438
4,Math,Grade 4,1502,1563,1566,438
4,Math,Grade 4,1474,1502,1534,438
4,Math,Grade 4,1489,1553,1587,438
4,Math,Grade 4,1451,1511,1545,438
4,Math,Grade 4,1451,1544,1579,438
4,Math,Grade 4,1426,1494,1536,438
4,Math,Grade 4,1474,1494,1579,438
4,Math,Grade 4,1481,1553,1579,438
4,Math,Grade 4,1501,1519,1542,438
4,Math,Grade 4,1533,1561,1596,438
4,Math,Grade 4,1487,1527,1579,438
4,Math,Grade 4,1481,1536,1500,438
4,Math,Grade 4,1516,1527,1534,438
4,Math,Grade 4,1523,1544,1542,438
4,Math,Grade 4,1487,1519,1534,438
4,Math,Grade 4,1530,1552,1579,438
4,Math,Grade 4,1458,1519,1562,438
4,Math,Grade 4,1481,1607,1545,438
4,Math,Grade 4,1466,1552,1566,438
4,Math,Grade 4,1474,1563,1550,438
4,Math,Grade 4,1481,1519,1500,438
4,Math,Grade 4,1530,1527,1558,438
4,Math,Grade 4,1458,1519,1517,438
4,Math,Grade 4,1497,1527,1509,439
4,Math,Grade 4,1481,1511,1525,439
4,Math,Grade 4,1497,1534,1525,439
4,Math,Grade 4,1538,1544,1500,439
4,Math,Grade 4,1466,1494,1517,439
4,Math,Grade 4,1487,1511,1525,439
4,Math,Grade 4,1552,1511,1545,439
4,Math,Grade 4,1474,1502,1545,439
4,Math,Grade 4,1518,1563,1542,439
4,Math,Grade 4,1466,1485,1491,439
4,Math,Grade 4,1489,1527,1534,439
4,Math,Grade 4,1509,1494,1517,439
4,Math,Grade 4,1451,1511,1550,439
4,Math,Grade 4,1443,1581,1534,439
4,Math,Grade 4,1530,1553,1517,439
4,Math,Grade 4,1466,1527,1558,439
4,Math,Grade 4,1482,1465,1509,439
4,Math,Grade 4,1516,1527,1536,439
4,Math,Grade 4,1545,1572,1558,439
4,Math,Grade 4,1489,1511,1562,439
4,Math,Grade 4,1489,1552,1550,439
4,Math,Grade 4,1523,1536,1550,439
4,Math,Grade 4,1426,1519,1491,439
4,Math,Grade 4,1530,1581,1571,439
4,Math,Grade 4,1472,1553,1509,439
4,Math,Grade 4,1560,1536,1534,439
4,Math,Grade 4,1466,1581,1579,439
4,Math,Grade 4,1518,1502,1517,439
4,Math,Grade 4,1481,1519,1500,439
4,Math,Grade 4,1486,1519,1525,439
4,Math,Grade 4,1472,1544,1482,439
4,Math,Grade 4,1451,1527,1517,439
4,Math,Grade 4,1458,1544,1550,439
4,Math,Grade 4,1480,1519,1525,439
4,Math,Grade 4,1509,1572,1566,439
4,Math,Grade 4,1489,1511,1562,439
4,Math,Grade 4,1501,1544,1500,439
4,Math,Grade 4,1497,1544,1571,440
4,Math,Grade 4,1458,1544,1525,440
4,Math,Grade 4,1567,1569,1525,440
4,Math,Grade 4,1511,1552,1562,440
4,Math,Grade 4,1560,1569,1579,440
4,Math,Grade 4,1560,1581,1558,440
4,Math,Grade 4,1509,1544,1571,440
4,Math,Grade 4,1516,1544,1571,440
4,Math,Grade 4,1482,1527,1525,440
4,Math,Grade 4,1489,1527,1562,440
4,Math,Grade 4,1509,1563,1545,440
4,Math,Grade 4,1509,1572,1579,440
4,Math,Grade 4,1481,1553,1554,440
4,Math,Grade 4,1472,1581,1587,440
4,Math,Grade 4,1497,1581,1587,440
4,Math,Grade 4,1505,1494,1534,440
4,Math,Grade 4,1451,1511,1525,440
4,Math,Grade 4,1489,1553,1571,440
4,Math,Grade 4,1489,1607,1651,440
4,Math,Grade 4,1443,1502,1571,440
4,Math,Grade 4,1435,1511,1574,440
4,Math,Grade 4,1458,1527,1542,440
4,Math,Grade 4,1509,1502,1517,440
4,Math,Grade 4,1545,1544,1558,440
4,Math,Grade 4,1466,1502,1542,440
4,Math,Grade 4,1523,1536,1566,441
4,Math,Grade 4,1509,1581,1562,441
4,Math,Grade 4,1474,1544,1525,441
4,Math,Grade 4,1511,1502,1525,441
4,Math,Grade 4,1466,1544,1525,441
4,Math,Grade 4,1538,1599,1571,441
4,Math,Grade 4,1443,1527,1554,441
4,Math,Grade 4,1494,1616,1566,441
4,Math,Grade 4,1497,1502,1525,441
4,Math,Grade 4,1538,1581,1579,441
4,Math,Grade 4,1538,1581,1571,441
4,Math,Grade 4,1516,1533,1509,441
4,Math,Grade 4,1523,1533,1574,441
4,Math,Grade 4,1523,1536,1509,441
4,Math,Grade 4,1494,1544,1534,441
4,Math,Grade 4,1458,1527,1517,441
4,Math,Grade 4,1583,1581,1613,441
4,Math,Grade 4,1399,1527,1491,441
4,Math,Grade 4,1494,1536,1554,441
4,Math,Grade 4,1530,1553,1554,441
4,Math,Grade 4,1516,1527,1525,441
4,Math,Grade 4,1494,1533,1534,441
4,Math,Grade 4,1443,1511,1542,441
4,Math,Grade 4,1517,1536,1566,441
4,Math,Grade 4,1530,1511,1571,441
4,Math,Grade 4,1478,1544,1525,441
4,Math,Grade 4,1552,1572,1534,441
4,Math,Grade 4,1486,1553,1536,441
4,Math,Grade 4,1494,1511,1534,441
4,Math,Grade 4,1494,1544,1579,441
4,Math,Grade 4,1466,1494,1509,441
4,Math,Grade 4,1540,1607,1562,442
4,Math,Grade 4,1474,1536,1542,442
4,Math,Grade 4,1489,1527,1571,442
4,Math,Grade 4,1458,1552,1500,442
4,Math,Grade 4,1474,1536,1517,442
4,Math,Grade 4,1487,1533,1545,442
4,Math,Grade 4,1504,1569,1562,442
4,Math,Grade 4,1489,1581,1566,442
4,Math,Grade 4,1481,1553,1566,442
4,Math,Grade 4,1509,1581,1542,442
4,Math,Grade 4,1418,1511,1517,442
4,Math,Grade 4,1523,1563,1596,442
4,Math,Grade 4,1530,1552,1571,442
4,Math,Grade 4,1511,1475,1517,442
4,Math,Grade 4,1497,1511,1562,442
4,Math,Grade 4,1418,1536,1550,442
4,Math,Grade 4,1489,1511,1525,442
4,Math,Grade 4,1494,1511,1542,442
4,Math,Grade 4,1443,1552,1534,442
4,Math,Grade 4,1481,1519,1562,442
4,Math,Grade 4,1533,1527,1562,442
4,Math,Grade 4,1478,1544,1550,442
4,Math,Grade 4,1530,1502,1525,442
4,Math,Grade 4,1494,1563,1574,442
4,Math,Grade 4,1509,1553,1554,442
4,Math,Grade 4,1451,1502,1500,442
4,Math,Grade 4,1466,1552,1525,442
4,Math,Grade 4,1497,1552,1534,442
4,Math,Grade 4,1505,1581,1631,442
4,Math,Grade 4,1552,1563,1579,442
4,Math,Grade 4,1408,1607,1471,442
4,Math,Grade 4,1458,1475,1500,443
4,Math,Grade 4,1451,1502,1517,443
4,Math,Grade 4,1443,1527,1613,443
4,Math,Grade 4,1552,1572,1558,443
4,Math,Grade 4,1560,1519,1509,443
4,Math,Grade 4,1474,1536,1525,443
4,Math,Grade 4,1523,1563,1545,443
4,Math,Grade 4,1538,1581,1554,443
4,Math,Grade 4,1516,1544,1579,443
4,Math,Grade 4,1516,1533,1525,443
4,Math,Grade 4,1435,1511,1509,443
4,Math,Grade 4,1545,1607,1579,443
4,Math,Grade 4,1494,1527,1550,443
4,Math,Grade 4,1511,1563,1562,443
4,Math,Grade 4,1465,1544,1550,443
4,Math,Grade 4,1505,1563,1542,443
4,Math,Grade 4,1552,1590,1525,443
4,Math,Grade 4,1552,1561,1604,443
4,Math,Grade 4,1489,1553,1517,443
4,Math,Grade 4,1497,1494,1587,443
4,Math,Grade 4,1489,1527,1566,443
4,Math,Grade 4,1538,1553,1542,443
4,Math,Grade 4,1494,1581,1525,443
4,Math,Grade 4,1545,1655,1604,443
4,Math,Grade 4,1552,1599,1587,443
4,Math,Grade 4,1480,1590,1587,444
4,Math,Grade 4,1538,1599,1571,444
4,Math,Grade 4,1494,1544,1509,444
4,Math,Grade 4,1530,1553,1554,444
4,Math,Grade 4,1501,1581,1604,444
4,Math,Grade 4,1502,1599,1587,444
4,Math,Grade 4,1501,1552,1579,444
4,Math,Grade 4,1560,1581,1562,444
4,Math,Grade 4,1466,1544,1545,444
4,Math,Grade 4,1474,1485,1554,444
4,Math,Grade 4,1474,1494,1534,444
4,Math,Grade 4,1497,1563,1554,444
4,Math,Grade 4,1494,1502,1509,444
4,Math,Grade 4,1533,1563,1558,444
4,Math,Grade 4,1481,1519,1500,444
4,Math,Grade 4,1474,1502,1491,444
4,Math,Grade 4,1497,1563,1587,444
4,Math,Grade 4,1489,1527,1596,444
4,Math,Grade 4,1466,1485,1558,444
4,Math,Grade 4,1511,1536,1545,444
4,Math,Grade 4,1526,1536,1562,444
4,Math,Grade 4,1481,1527,1596,444
4,Math,Grade 4,1481,1465,1596,444
4,Math,Grade 4,1480,1563,1558,444
4,Math,Grade 4,1489,1527,1579,444
4,Math,Grade 4,1443,1485,1509,444
4,Math,Grade 4,1474,1572,1558,444
4,Math,Grade 4,1538,1616,1579,444
4,Math,Grade 4,1511,1527,1554,444
4,Math,Grade 4,1518,1563,1525,444
4,Math,Grade 4,1458,1553,1554,444
4,Math,Grade 4,1458,1581,1534,444
4,Math,Grade 4,1494,1553,1662,444
4,Math,Grade 4,1494,1607,1542,444
4,Math,Grade 4,1538,1569,1571,445
4,Math,Grade 4,1487,1536,1574,445
4,Math,Grade 4,1509,1485,1525,445
4,Math,Grade 4,1523,1572,1542,445
4,Math,Grade 4,1509,1590,1500,445
4,Math,Grade 4,1504,1544,1545,445
4,Math,Grade 4,1530,1544,1562,445
4,Math,Grade 4,1501,1581,1587,445
4,Math,Grade 4,1517,1544,1550,445
4,Math,Grade 4,1516,1536,1525,445
4,Math,Grade 4,1501,1553,1542,445
4,Math,Grade 4,1538,1607,1562,445
4,Math,Grade 4,1481,1544,1536,445
4,Math,Grade 4,1474,1544,1587,445
4,Math,Grade 4,1481,1536,1545,445
4,Math,Grade 4,1472,1527,1509,445
4,Math,Grade 4,1489,1536,1579,445
4,Math,Grade 4,1451,1502,1517,445
4,Math,Grade 4,1480,1572,1558,445
4,Math,Grade 4,1474,1527,1534,445
4,Math,Grade 4,1516,1533,1536,445
4,Math,Grade 4,1458,1511,1596,445
4,Math,Grade 4,1451,1519,1460,445
4,Math,Grade 4,1458,1581,1554,445
4,Math,Grade 4,1489,1563,1545,445
4,Math,Grade 4,1494,1572,1542,445
4,Math,Grade 4,1451,1536,1554,445
4,Math,Grade 4,1487,1552,1534,445
4,Math,Grade 4,1530,1553,1517,445
4,Math,Grade 4,1474,1511,1517,446
4,Math,Grade 4,1465,1527,1571,446
4,Math,Grade 4,1538,1607,1604,446
4,Math,Grade 4,1523,1511,1558,446
4,Math,Grade 4,1399,1511,1525,446
4,Math,Grade 4,1482,1552,1517,446
4,Math,Grade 4,1509,1563,1562,446
4,Math,Grade 4,1494,1527,1542,446
4,Math,Grade 4,1530,1599,1509,446
4,Math,Grade 4,1487,1536,1622,446
4,Math,Grade 4,1511,1527,1574,446
4,Math,Grade 4,1518,1519,1534,446
4,Math,Grade 4,1494,1536,1534,446
4,Math,Grade 4,1458,1485,1545,446
4,Math,Grade 4,1451,1590,1604,446
4,Math,Grade 4,1552,1561,1566,446
4,Math,Grade 4,1494,1536,1525,446
4,Math,Grade 4,1509,1485,1534,446
4,Math,Grade 4,1501,1553,1579,446
4,Math,Grade 4,1482,1527,1550,446
4,Math,Grade 4,1504,1502,1526,446
4,Math,Grade 4,1480,1519,1550,446
4,Math,Grade 4,1474,1485,1525,446
4,Math,Grade 4,1530,1563,1525,446
4,Math,Grade 4,1509,1519,1545,446
4,Math,Grade 4,1523,1581,1550,446
4,Math,Grade 4,1501,1511,1517,446
4,Math,Grade 4,1494,1581,1579,446
4,Math,Grade 4,1435,1519,1571,446
4,Math,Grade 4,1516,1511,1550,446
4,Math,Grade 4,1513,1475,1536,446
4,Math,Grade 4,1530,1544,1509,446
4,Math,Grade 4,1481,1494,1509,446
4,Math,Grade 4,1530,1572,1542,447
4,Math,Grade 4,1451,1426,1509,447
4,Math,Grade 4,1478,1511,1517,447
4,Math,Grade 4,1474,1502,1500,447
4,Math,Grade 4,1494,1519,1534,447
4,Math,Grade 4,1509,1552,1613,447
4,Math,Grade 4,1497,1511,1550,447
4,Math,Grade 4,1501,1563,1554,447
4,Math,Grade 4,1487,1527,1542,447
4,Math,Grade 4,1502,1561,1579,447
4,Math,Grade 4,1502,1536,1554,447
4,Math,Grade 4,1489,1563,1525,447
4,Math,Grade 4,1435,1502,1545,447
4,Math,Grade 4,1497,1536,1554,447
4,Math,Grade 4,1538,1536,1562,447
4,Math,Grade 4,1474,1485,1509,447
4,Math,Grade 4,1481,1544,1517,447
4,Math,Grade 4,1509,1527,1482,447
4,Math,Grade 4,1489,1527,1550,447
4,Math,Grade 4,1474,1511,1562,447
4,Math,Grade 4,1474,1511,1534,447
4,Math,Grade 4,1497,1552,1571,447
4,Math,Grade 4,1530,1563,1579,447
4,Math,Grade 4,1501,1527,1562,447
4,Math,Grade 4,1538,1533,1596,447
4,Math,Grade 4,1545,1544,1517,447
4,Math,Grade 4,1481,1607,1596,447
4,Math,Grade 4,1545,1581,1571,447
4,Math,Grade 4,1538,1544,1596,447
4,Math,Grade 4,1530,1599,1613,447
4,Math,Grade 4,1487,1552,1534,447
4,Math,Grade 4,1466,1544,1542,447
4,Math,Grade 4,1523,1607,1596,447
4,Math,Grade 4,1486,1572,1517,447
4,Math,Grade 4,1465,1553,1491,447
4,Math,Grade 4,1504,1527,1558,447
4,Math,Grade 4,1530,1599,1596,447
4,Math,Grade 4,1516,1607,1550,447
4,Math,Grade 4,1501,1590,1525,447
4,Math,Grade 4,1457,1599,1545,448
4,Math,Grade 4,1481,1533,1542,448
4,Math,Grade 4,1517,1572,1554,448
4,Math,Grade 4,1502,1563,1579,448
4,Math,Grade 4,1497,1502,1550,448
4,Math,Grade 4,1504,1527,1554,448
4,Math,Grade 4,1552,1616,1596,448
4,Math,Grade 4,1545,1581,1571,448
4,Math,Grade 4,1474,1536,1587,448
4,Math,Grade 4,1489,1536,1534,448
4,Math,Grade 4,1504,1666,1675,448
4,Math,Grade 4,1523,1625,1534,448
4,Math,Grade 4,1494,1563,1571,448
4,Math,Grade 4,1481,1494,1554,448
4,Math,Grade 4,1487,1590,1517,448
4,Math,Grade 4,1451,1553,1566,448
4,Math,Grade 4,1509,1533,1558,448
4,Math,Grade 4,1545,1581,1550,448
4,Math,Grade 4,1482,1561,1550,448
4,Math,Grade 4,1504,1590,1651,448
4,Math,Grade 4,1481,1494,1579,448
4,Math,Grade 4,1466,1511,1526,448
4,Math,Grade 4,1458,1599,1542,448
4,Math,Grade 4,1497,1581,1525,448
4,Math,Grade 4,1509,1519,1525,448
4,Math,Grade 4,1530,1544,1534,448
4,Math,Grade 4,1511,1563,1571,448
4,Math,Grade 4,1481,1475,1500,448
4,Math,Grade 4,1466,1475,1509,448
4,Math,Grade 4,1466,1502,1500,448
4,Math,Grade 4,1545,1590,1641,448
4,Math,Grade 4,1489,1553,1534,448
4,Math,Grade 4,1489,1502,1542,448
4,Math,Grade 4,1458,1494,1587,448
4,Math,Grade 4,1451,1536,1542,448
4,Math,Grade 4,1516,1572,1554,448
4,Math,Grade 4,1516,1502,1517,448
4,Math,Grade 4,1509,1533,1517,448
4,Math,Grade 4,1489,1527,1550,448
4,Math,Grade 4,1497,1536,1562,448
4,Math,Grade 4,1509,1563,1571,448
4,Math,Grade 4,1489,1544,1587,448
4,Math,Grade 4,1538,1544,1596,449
4,Math,Grade 4,1552,1544,1562,449
4,Math,Grade 4,1435,1485,1631,449
4,Math,Grade 4,1481,1563,1517,449
4,Math,Grade 4,1451,1527,1534,449
4,Math,Grade 4,1458,1561,1525,449
4,Math,Grade 4,1480,1527,1562,449
4,Math,Grade 4,1511,1553,1587,449
4,Math,Grade 4,1481,1572,1542,449
4,Math,Grade 4,1516,1590,1542,449
4,Math,Grade 4,1474,1527,1558,449
4,Math,Grade 4,1481,1502,1587,449
4,Math,Grade 4,1502,1527,1562,449
4,Math,Grade 4,1497,1536,1587,449
4,Math,Grade 4,1545,1563,1562,449
4,Math,Grade 4,1509,1563,1604,449
4,Math,Grade 4,1466,1519,1525,449
4,Math,Grade 4,1538,1572,1558,449
4,Math,Grade 4,1530,1563,1587,449
4,Math,Grade 4,1466,1561,1517,449
4,Math,Grade 4,1480,1572,1558,449
4,Math,Grade 4,1533,1561,1558,449
4,Math,Grade 4,1486,1527,1534,449
4,Math,Grade 4,1451,1572,1517,449
4,Math,Grade 4,1497,1552,1587,449
4,Math,Grade 4,1418,1544,1562,449
4,Math,Grade 4,1458,1544,1534,449
4,Math,Grade 4,1480,1581,1554,449
4,Math,Grade 4,1504,1553,1587,449
4,Math,Grade 4,1474,1563,1534,449
4,Math,Grade 4,1523,1519,1596,449
4,Math,Grade 4,1474,1572,1517,449
4,Math,Grade 4,1487,1527,1534,449
4,Math,Grade 4,1545,1553,1554,449
4,Math,Grade 4,1481,1544,1550,449
4,Math,Grade 4,1509,1563,1558,449
4,Math,Grade 4,1474,1536,1571,449
4,Math,Grade 4,1443,1519,1690,450
4,Math,Grade 4,1501,1561,1562,450
4,Math,Grade 4,1552,1590,1622,450
4,Math,Grade 4,1523,1544,1500,450
4,Math,Grade 4,1466,1502,1471,450
4,Math,Grade 4,1474,1553,1587,450
4,Math,Grade 4,1530,1563,1562,450
4,Math,Grade 4,1497,1553,1566,450
4,Math,Grade 4,1509,1502,1536,450
4,Math,Grade 4,1494,1607,1579,450
4,Math,Grade 4,1501,1544,1550,450
4,Math,Grade 4,1480,1563,1571,450
4,Math,Grade 4,1494,1552,1542,450
4,Math,Grade 4,1489,1502,1517,450
4,Math,Grade 4,1489,1511,1542,450
4,Math,Grade 4,1472,1527,1534,450
4,Math,Grade 4,1482,1553,1517,450
4,Math,Grade 4,1487,1572,1517,450
4,Math,Grade 4,1481,1511,1571,450
4,Math,Grade 4,1466,1533,1571,450
4,Math,Grade 4,1474,1563,1707,450
4,Math,Grade 4,1399,1465,1509,450
4,Math,Grade 4,1480,1536,1558,450
4,Math,Grade 4,1497,1581,1558,450
4,Math,Grade 4,1523,1563,1525,450
4,Math,Grade 4,1486,1553,1562,450
4,Math,Grade 4,1501,1553,1550,450
4,Math,Grade 4,1489,1607,1571,450
4,Math,Grade 4,1497,1519,1641,450
4,Math,Grade 4,1516,1572,1604,450
4,Math,Grade 4,1538,1616,1579,451
4,Math,Grade 4,1552,1553,1542,451
4,Math,Grade 4,1489,1527,1517,451
4,Math,Grade 4,1511,1561,1550,451
4,Math,Grade 4,1481,1527,1500,451
4,Math,Grade 4,1502,1572,1571,451
4,Math,Grade 4,1443,1519,1550,451
4,Math,Grade 4,1494,1563,1587,451
4,Math,Grade 4,1489,1552,1579,451
4,Math,Grade 4,1509,1511,1536,451
4,Math,Grade 4,1458,1527,1542,451
4,Math,Grade 4,1509,1607,1525,451
4,Math,Grade 4,1497,1553,1574,451
4,Math,Grade 4,1518,1544,1587,451
4,Math,Grade 4,1466,1527,1604,451
4,Math,Grade 4,1560,1607,1587,451
4,Math,Grade 4,1458,1544,1517,451
4,Math,Grade 4,1511,1581,1566,451
4,Math,Grade 4,1489,1533,1596,451
4,Math,Grade 4,1489,1536,1554,451
4,Math,Grade 4,1509,1563,1550,451
4,Math,Grade 4,1494,1590,1558,451
4,Math,Grade 4,1509,1544,1587,451
4,Math,Grade 4,1552,1511,1517,451
4,Math,Grade 4,1545,1552,1579,451
4,Math,Grade 4,1505,1527,1579,451
4,Math,Grade 4,1511,1599,1545,451
4,Math,Grade 4,1489,1502,1562,451
4,Math,Grade 4,1530,1553,1550,451
4,Math,Grade 4,1399,1544,1525,451
4,Math,Grade 4,1497,1572,1579,451
4,Math,Grade 4,1509,1599,1631,451
4,Math,Grade 4,1516,1544,1571,451
4,Math,Grade 4,1497,1527,1542,451
4,Math,Grade 4,1497,1527,1550,452
4,Math,Grade 4,1501,1563,1542,452
4,Math,Grade 4,1501,1527,1571,452
4,Math,Grade 4,1482,1563,1571,452
4,Math,Grade 4,1501,1536,1579,452
4,Math,Grade 4,1443,1536,1525,452
4,Math,Grade 4,1545,1581,1587,452
4,Math,Grade 4,1575,1599,1587,452
4,Math,Grade 4,1530,1544,1562,452
4,Math,Grade 4,1545,1553,1545,452
4,Math,Grade 4,1466,1519,1558,452
4,Math,Grade 4,1530,1572,1596,452
4,Math,Grade 4,1509,1485,1554,452
4,Math,Grade 4,1458,1502,1500,452
4,Math,Grade 4,1487,1563,1525,452
4,Math,Grade 4,1435,1511,1525,452
4,Math,Grade 4,1482,1581,1562,452
4,Math,Grade 4,1502,1527,1579,452
4,Math,Grade 4,1486,1536,1517,452
4,Math,Grade 4,1474,1533,1554,452
4,Math,Grade 4,1497,1553,1571,452
4,Math,Grade 4,1545,1590,1566,452
4,Math,Grade 4,1474,1544,1604,452
4,Math,Grade 4,1518,1599,1574,452
4,Math,Grade 4,1466,1502,1415,452
4,Math,Grade 4,1517,1519,1525,452
4,Math,Grade 4,1575,1635,1596,452
4,Math,Grade 4,1474,1511,1542,452
4,Math,Grade 4,1497,1527,1574,452
4,Math,Grade 4,1487,1572,1613,452
4,Math,Grade 4,1466,1572,1566,452
4,Math,Grade 4,1523,1581,1587,452
4,Math,Grade 4,1511,1544,1525,452
4,Math,Grade 4,1501,1563,1558,452
4,Math,Grade 4,1552,1572,1554,452
4,Math,Grade 4,1509,1616,1622,453
4,Math,Grade 4,1489,1581,1491,453
4,Math,Grade 4,1538,1527,1579,453
4,Math,Grade 4,1538,1607,1613,453
4,Math,Grade 4,1487,1553,1571,453
4,Math,Grade 4,1497,1527,1542,453
4,Math,Grade 4,1482,1511,1579,453
4,Math,Grade 4,1489,1533,1558,453
4,Math,Grade 4,1530,1581,1562,453
4,Math,Grade 4,1487,1536,1558,453
4,Math,Grade 4,1509,1563,1550,453
4,Math,Grade 4,1494,1533,1545,453
4,Math,Grade 4,1511,1544,1571,453
4,Math,Grade 4,1504,1590,1587,453
4,Math,Grade 4,1509,1544,1579,453
4,Math,Grade 4,1472,1572,1554,453
4,Math,Grade 4,1472,1607,1571,453
4,Math,Grade 4,1489,1544,1558,453
4,Math,Grade 4,1489,1544,1542,453
4,Math,Grade 4,1435,1485,1525,453
4,Math,Grade 4,1481,1581,1562,453
4,Math,Grade 4,1538,1563,1558,453
4,Math,Grade 4,1509,1544,1554,453
4,Math,Grade 4,1489,1519,1545,453
4,Math,Grade 4,1530,1581,1579,453
4,Math,Grade 4,1489,1527,1534,453
4,Math,Grade 4,1481,1572,1641,453
4,Math,Grade 4,1504,1581,1571,453
4,Math,Grade 4,1523,1607,1587,453
4,Math,Grade 4,1481,1536,1517,453
4,Math,Grade 4,1486,1563,1562,453
4,Math,Grade 4,1516,1599,1579,453
4,Math,Grade 4,1516,1502,1525,453
4,Math,Grade 4,1509,1581,1566,453
4,Math,Grade 4,1480,1552,1613,453
4,Math,Grade 4,1482,1519,1554,453
4,Math,Grade 4,1494,1552,1566,453
4,Math,Grade 4,1509,1536,1542,453
4,Math,Grade 4,1489,1485,1525,454
4,Math,Grade 4,1530,1552,1587,454
4,Math,Grade 4,1505,1519,1517,454
4,Math,Grade 4,1567,1581,1604,454
4,Math,Grade 4,1523,1572,1558,454
4,Math,Grade 4,1481,1572,1550,454
4,Math,Grade 4,1501,1525,1587,454
4,Math,Grade 4,1494,1533,1542,454
4,Math,Grade 4,1516,1553,1517,454
4,Math,Grade 4,1578,1536,1534,454
4,Math,Grade 4,1489,1544,1596,454
4,Math,Grade 4,1538,1563,1571,454
4,Math,Grade 4,1494,1561,1550,454
4,Math,Grade 4,1481,1536,1550,454
4,Math,Grade 4,1509,1553,1562,454
4,Math,Grade 4,1518,1590,1604,454
4,Math,Grade 4,1530,1572,1562,454
4,Math,Grade 4,1518,1544,1534,454
4,Math,Grade 4,1481,1563,1509,454
4,Math,Grade 4,1494,1536,1613,454
4,Math,Grade 4,1469,1527,1509,454
4,Math,Grade 4,1435,1511,1534,454
4,Math,Grade 4,1505,1544,1500,454
4,Math,Grade 4,1530,1581,1542,454
4,Math,Grade 4,1466,1502,1517,454
4,Math,Grade 4,1523,1544,1542,454
4,Math,Grade 4,1458,1527,1596,454
4,Math,Grade 4,1517,1553,1536,454
4,Math,Grade 4,1481,1572,1613,454
4,Math,Grade 4,1545,1588,1571,454
4,Math,Grade 4,1451,1527,1558,454
4,Math,Grade 4,1458,1552,1587,454
4,Math,Grade 4,1474,1544,1517,454
4,Math,Grade 4,1480,1599,1571,454
4,Math,Grade 4,1431,1552,1571,454
4,Math,Grade 4,1526,1563,1558,454
4,Math,Grade 4,1502,1511,1587,454
4,Math,Grade 4,1538,1572,1534,455
4,Math,Grade 4,1489,1511,1517,455
4,Math,Grade 4,1516,1511,1517,455
4,Math,Grade 4,1465,1563,1583,455
4,Math,Grade 4,1435,1494,1500,455
4,Math,Grade 4,1575,1616,1622,455
4,Math,Grade 4,1501,1581,1604,455
4,Math,Grade 4,1509,1599,1579,455
4,Math,Grade 4,1466,1527,1562,455
4,Math,Grade 4,1516,1536,1574,455
4,Math,Grade 4,1560,1616,1641,455
4,Math,Grade 4,1497,1544,1579,455
4,Math,Grade 4,1530,1519,1534,455
4,Math,Grade 4,1481,1536,1509,455
4,Math,Grade 4,1489,1544,1587,455
4,Math,Grade 4,1465,1581,1550,455
4,Math,Grade 4,1494,1561,1550,455
4,Math,Grade 4,1523,1616,1558,455
4,Math,Grade 4,1497,1536,1554,455
4,Math,Grade 4,1501,1590,1641,455
4,Math,Grade 4,1489,1519,1554,455
4,Math,Grade 4,1466,1511,1562,455
4,Math,Grade 4,1509,1544,1587,455
4,Math,Grade 4,1435,1502,1579,455
4,Math,Grade 4,1497,1536,1574,455
4,Math,Grade 4,1516,1544,1558,455
4,Math,Grade 4,1494,1519,1525,455
4,Math,Grade 4,1509,1533,1579,455
4,Math,Grade 4,1480,1544,1525,455
4,Math,Grade 4,1451,1563,1542,455
4,Math,Grade 4,1497,1494,1587,455
4,Math,Grade 4,1494,1590,1631,455
4,Math,Grade 4,1516,1572,1534,455
4,Math,Grade 4,1494,1533,1517,456
4,Math,Grade 4,1530,1553,1558,456
4,Math,Grade 4,1465,1511,1571,456
4,Math,Grade 4,1472,1544,1571,456
4,Math,Grade 4,1458,1502,1571,456
4,Math,Grade 4,1538,1599,1587,456
4,Math,Grade 4,1523,1581,1571,456
4,Math,Grade 4,1497,1599,1587,456
4,Math,Grade 4,1523,1572,1596,456
4,Math,Grade 4,1545,1544,1579,456
4,Math,Grade 4,1523,1536,1554,456
4,Math,Grade 4,1474,1519,1566,456
4,Math,Grade 4,1472,1553,1534,456
4,Math,Grade 4,1545,1581,1587,456
4,Math,Grade 4,1516,1553,1562,456
4,Math,Grade 4,1509,1544,1534,456
4,Math,Grade 4,1517,1563,1536,456
4,Math,Grade 4,1489,1527,1471,456
4,Math,Grade 4,1511,1536,1558,456
4,Math,Grade 4,1516,1590,1550,456
4,Math,Grade 4,1474,1616,1641,456
4,Math,Grade 4,1545,1607,1571,456
4,Math,Grade 4,1466,1563,1566,456
4,Math,Grade 4,1530,1544,1542,456
4,Math,Grade 4,1489,1581,1554,456
4,Math,Grade 4,1530,1544,1571,456
4,Math,Grade 4,1489,1581,1596,456
4,Math,Grade 4,1494,1569,1587,456
4,Math,Grade 4,1466,1553,1550,456
4,Math,Grade 4,1516,1599,1574,456
4,Math,Grade 4,1474,1523,1525,457
4,Math,Grade 4,1523,1569,1536,457
4,Math,Grade 4,1545,1581,1613,457
4,Math,Grade 4,1545,1572,1562,457
4,Math,Grade 4,1494,1544,1571,457
4,Math,Grade 4,1538,1599,1587,457
4,Math,Grade 4,1511,1599,1592,457
4,Math,Grade 4,1481,1502,1587,457
4,Math,Grade 4,1526,1552,1571,457
4,Math,Grade 4,1545,1563,1587,457
4,Math,Grade 4,1474,1590,1517,457
4,Math,Grade 4,1480,1563,1613,457
4,Math,Grade 4,1451,1666,1731,457
4,Math,Grade 4,1530,1572,1554,457
4,Math,Grade 4,1487,1536,1604,457
4,Math,Grade 4,1474,1527,1562,457
4,Math,Grade 4,1474,1563,1566,457
4,Math,Grade 4,1501,1563,1542,457
4,Math,Grade 4,1489,1536,1550,457
4,Math,Grade 4,1466,1572,1558,457
4,Math,Grade 4,1489,1561,1579,457
4,Math,Grade 4,1458,1502,1542,457
4,Math,Grade 4,1474,1563,1596,457
4,Math,Grade 4,1502,1544,1571,457
4,Math,Grade 4,1516,1533,1579,457
4,Math,Grade 4,1523,1552,1613,457
4,Math,Grade 4,1509,1572,1579,457
4,Math,Grade 4,1474,1616,1571,457
4,Math,Grade 4,1486,1625,1554,457
4,Math,Grade 4,1513,1616,1579,457
4,Math,Grade 4,1480,1590,1583,457
4,Math,Grade 4,1486,1552,1542,457
4,Math,Grade 4,1489,1572,1558,457
4,Math,Grade 4,1487,1561,1571,457
4,Math,Grade 4,1560,1581,1574,457
4,Math,Grade 4,1530,1536,1550,457
4,Math,Grade 4,1466,1561,1536,458
4,Math,Grade 4,1451,1519,1579,458
4,Math,Grade 4,1516,1581,1604,458
4,Math,Grade 4,1509,1569,1579,458
4,Math,Grade 4,1501,1536,1596,458
4,Math,Grade 4,1516,1563,1509,458
4,Math,Grade 4,1480,1527,1596,458
4,Math,Grade 4,1489,1590,1534,458
4,Math,Grade 4,1474,1590,1596,458
4,Math,Grade 4,1517,1590,1566,458
4,Math,Grade 4,1545,1581,1596,458
4,Math,Grade 4,1497,1599,1517,458
4,Math,Grade 4,1482,1553,1509,458
4,Math,Grade 4,1509,1533,1566,458
4,Math,Grade 4,1533,1724,1604,458
4,Math,Grade 4,1560,1494,1554,458
4,Math,Grade 4,1516,1579,1534,458
4,Math,Grade 4,1504,1572,1517,458
4,Math,Grade 4,1530,1635,1550,458
4,Math,Grade 4,1480,1527,1542,458
4,Math,Grade 4,1474,1553,1562,458
4,Math,Grade 4,1516,1635,1604,458
4,Math,Grade 4,1516,1527,1579,458
4,Math,Grade 4,1474,1552,1587,458
4,Math,Grade 4,1489,1527,1545,458
4,Math,Grade 4,1480,1563,1579,458
4,Math,Grade 4,1545,1553,1542,458
4,Math,Grade 4,1504,1536,1583,458
4,Math,Grade 4,1443,1511,1558,458
4,Math,Grade 4,1552,1581,1554,458
4,Math,Grade 4,1567,1563,1554,458
4,Math,Grade 4,1497,1475,1566,458
4,Math,Grade 4,1497,1563,1571,458
4,Math,Grade 4,1516,1536,1554,458
4,Math,Grade 4,1516,1625,1558,458
4,Math,Grade 4,1516,1533,1545,459
4,Math,Grade 4,1592,1644,1662,459
4,Math,Grade 4,1509,1553,1571,459
4,Math,Grade 4,1487,1552,1525,459
4,Math,Grade 4,1489,1572,1571,459
4,Math,Grade 4,1489,1544,1534,459
4,Math,Grade 4,1516,1553,1571,459
4,Math,Grade 4,1494,1569,1587,459
4,Math,Grade 4,1482,1519,1579,459
4,Math,Grade 4,1481,1536,1579,459
4,Math,Grade 4,1530,1511,1558,459
4,Math,Grade 4,1530,1563,1574,459
4,Math,Grade 4,1533,1561,1571,459
4,Math,Grade 4,1472,1533,1579,459
4,Math,Grade 4,1511,1552,1534,459
4,Math,Grade 4,1505,1544,1550,459
4,Math,Grade 4,1474,1581,1554,459
4,Math,Grade 4,1509,1563,1534,459
4,Math,Grade 4,1516,1536,1534,459
4,Math,Grade 4,1458,1625,1566,459
4,Math,Grade 4,1489,1572,1596,459
4,Math,Grade 4,1530,1561,1596,459
4,Math,Grade 4,1511,1536,1550,459
4,Math,Grade 4,1511,1511,1525,459
4,Math,Grade 4,1494,1553,1542,459
4,Math,Grade 4,1538,1553,1574,459
4,Math,Grade 4,1487,1607,1579,459
4,Math,Grade 4,1481,1544,1604,460
4,Math,Grade 4,1481,1544,1579,460
4,Math,Grade 4,1518,1607,1596,460
4,Math,Grade 4,1501,1523,1542,460
4,Math,Grade 4,1511,1572,1587,460
4,Math,Grade 4,1530,1553,1562,460
4,Math,Grade 4,1509,1527,1690,460
4,Math,Grade 4,1545,1599,1604,460
4,Math,Grade 4,1505,1607,1525,460
4,Math,Grade 4,1472,1572,1562,460
4,Math,Grade 4,1481,1581,1550,460
4,Math,Grade 4,1511,1563,1579,460
4,Math,Grade 4,1505,1527,1571,460
4,Math,Grade 4,1509,1552,1509,460
4,Math,Grade 4,1489,1607,1596,460
4,Math,Grade 4,1505,1581,1571,460
4,Math,Grade 4,1487,1527,1550,460
4,Math,Grade 4,1505,1527,1587,460
4,Math,Grade 4,1502,1561,1596,460
4,Math,Grade 4,1530,1599,1596,460
4,Math,Grade 4,1474,1527,1579,460
4,Math,Grade 4,1426,1536,1571,460
4,Math,Grade 4,1552,1581,1596,460
4,Math,Grade 4,1474,1544,1566,460
4,Math,Grade 4,1474,1527,1534,460
4,Math,Grade 4,1509,1536,1554,460
4,Math,Grade 4,1552,1635,1596,460
4,Math,Grade 4,1526,1625,1604,460
4,Math,Grade 4,1451,1581,1579,460
4,Math,Grade 4,1497,1563,1562,460
4,Math,Grade 4,1538,1607,1558,460
4,Math,Grade 4,1523,1581,1587,460
4,Math,Grade 4,1504,1533,1562,461
4,Math,Grade 4,1552,1625,1604,461
4,Math,Grade 4,1497,1527,1562,461
4,Math,Grade 4,1560,1599,1571,461
4,Math,Grade 4,1489,1581,1613,461
4,Math,Grade 4,1509,1625,1554,461
4,Math,Grade 4,1489,1590,1596,461
4,Math,Grade 4,1523,1581,1604,461
4,Math,Grade 4,1494,1590,1604,461
4,Math,Grade 4,1494,1572,1596,461
4,Math,Grade 4,1474,1511,1545,461
4,Math,Grade 4,1458,1553,1562,461
4,Math,Grade 4,1502,1569,1545,461
4,Math,Grade 4,1489,1553,1587,461
4,Math,Grade 4,1481,1553,1491,461
4,Math,Grade 4,1530,1590,1534,461
4,Math,Grade 4,1504,1527,1509,461
4,Math,Grade 4,1494,1590,1622,461
4,Math,Grade 4,1545,1553,1622,461
4,Math,Grade 4,1530,1581,1587,461
4,Math,Grade 4,1497,1544,1545,461
4,Math,Grade 4,1567,1572,1596,461
4,Math,Grade 4,1466,1544,1574,461
4,Math,Grade 4,1501,1607,1583,461
4,Math,Grade 4,1480,1599,1509,461
4,Math,Grade 4,1474,1511,1571,461
4,Math,Grade 4,1523,1572,1558,461
4,Math,Grade 4,1474,1519,1562,461
4,Math,Grade 4,1523,1553,1554,461
4,Math,Grade 4,1497,1572,1562,461
4,Math,Grade 4,1482,1527,1500,461
4,Math,Grade 4,1560,1572,1562,462
4,Math,Grade 4,1530,1599,1579,462
4,Math,Grade 4,1418,1475,1448,462
4,Math,Grade 4,1552,1553,1587,462
4,Math,Grade 4,1509,1625,1571,462
4,Math,Grade 4,1481,1552,1550,462
4,Math,Grade 4,1502,1599,1534,462
4,Math,Grade 4,1457,1527,1566,462
4,Math,Grade 4,1523,1599,1571,462
4,Math,Grade 4,1466,1519,1554,462
4,Math,Grade 4,1516,1553,1534,462
4,Math,Grade 4,1486,1511,1550,462
4,Math,Grade 4,1513,1590,1596,462
4,Math,Grade 4,1523,1599,1604,462
4,Math,Grade 4,1497,1527,1526,462
4,Math,Grade 4,1517,1544,1579,462
4,Math,Grade 4,1523,1527,1525,462
4,Math,Grade 4,1552,1581,1571,462
4,Math,Grade 4,1451,1511,1562,462
4,Math,Grade 4,1523,1511,1571,462
4,Math,Grade 4,1509,1536,1542,462
4,Math,Grade 4,1497,1599,1550,462
4,Math,Grade 4,1567,1569,1604,462
4,Math,Grade 4,1466,1519,1558,462
4,Math,Grade 4,1567,1590,1596,462
4,Math,Grade 4,1497,1536,1526,462
4,Math,Grade 4,1487,1572,1542,462
4,Math,Grade 4,1545,1607,1554,462
4,Math,Grade 4,1523,1599,1622,462
4,Math,Grade 4,1481,1494,1550,462
4,Math,Grade 4,1516,1533,1562,462
4,Math,Grade 4,1504,1572,1558,462
4,Math,Grade 4,1523,1563,1579,462
4,Math,Grade 4,1408,1544,1571,462
4,Math,Grade 4,1504,1553,1574,462
4,Math,Grade 4,1523,1572,1571,462
4,Math,Grade 4,1505,1599,1509,462
4,Math,Grade 4,1474,1572,1558,463
4,Math,Grade 4,1516,1511,1536,463
4,Math,Grade 4,1538,1590,1613,463
4,Math,Grade 4,1560,1544,1587,463
4,Math,Grade 4,1538,1533,1550,463
4,Math,Grade 4,1465,1563,1517,463
4,Math,Grade 4,1501,1552,1596,463
4,Math,Grade 4,1489,1563,1571,463
4,Math,Grade 4,1497,1563,1525,463
4,Math,Grade 4,1523,1553,1550,463
4,Math,Grade 4,1516,1599,1587,463
4,Math,Grade 4,1426,1502,1562,463
4,Math,Grade 4,1523,1553,1587,463
4,Math,Grade 4,1518,1519,1562,463
4,Math,Grade 4,1443,1485,1500,463
4,Math,Grade 4,1575,1644,1631,463
4,Math,Grade 4,1538,1581,1550,463
4,Math,Grade 4,1538,1616,1631,463
4,Math,Grade 4,1494,1553,1550,463
4,Math,Grade 4,1509,1581,1554,463
4,Math,Grade 4,1509,1599,1587,463
4,Math,Grade 4,1466,1527,1545,463
4,Math,Grade 4,1530,1581,1641,463
4,Math,Grade 4,1481,1625,1534,463
4,Math,Grade 4,1502,1572,1571,463
4,Math,Grade 4,1474,1553,1579,463
4,Math,Grade 4,1511,1544,1509,463
4,Math,Grade 4,1509,1553,1587,463
4,Math,Grade 4,1501,1563,1550,463
4,Math,Grade 4,1530,1616,1583,463
4,Math,Grade 4,1509,1599,1579,463
4,Math,Grade 4,1494,1572,1542,463
4,Math,Grade 4,1517,1590,1587,463
4,Math,Grade 4,1482,1494,1662,463
4,Math,Grade 4,1516,1599,1574,463
4,Math,Grade 4,1538,1561,1562,463
4,Math,Grade 4,1481,1607,1571,464
4,Math,Grade 4,1523,1607,1587,464
4,Math,Grade 4,1474,1553,1622,464
4,Math,Grade 4,1523,1616,1622,464
4,Math,Grade 4,1494,1572,1579,464
4,Math,Grade 4,1509,1563,1587,464
4,Math,Grade 4,1524,1599,1596,464
4,Math,Grade 4,1530,1527,1604,464
4,Math,Grade 4,1487,1581,1558,464
4,Math,Grade 4,1526,1533,1596,464
4,Math,Grade 4,1489,1533,1562,464
4,Math,Grade 4,1466,1494,1525,464
4,Math,Grade 4,1465,1544,1542,464
4,Math,Grade 4,1494,1502,1517,464
4,Math,Grade 4,1545,1536,1574,464
4,Math,Grade 4,1494,1519,1574,464
4,Math,Grade 4,1451,1511,1509,464
4,Math,Grade 4,1474,1536,1579,464
4,Math,Grade 4,1443,1519,1542,464
4,Math,Grade 4,1481,1544,1562,464
4,Math,Grade 4,1418,1441,1460,464
4,Math,Grade 4,1481,1536,1545,464
4,Math,Grade 4,1497,1502,1587,464
4,Math,Grade 4,1505,1572,1596,464
4,Math,Grade 4,1489,1552,1579,464
4,Math,Grade 4,1545,1511,1525,464
4,Math,Grade 4,1530,1655,1571,464
4,Math,Grade 4,1509,1553,1509,464
4,Math,Grade 4,1472,1544,1587,464
4,Math,Grade 4,1465,1544,1587,464
4,Math,Grade 4,1489,1533,1558,464
4,Math,Grade 4,1474,1544,1517,464
4,Math,Grade 4,1497,1527,1542,464
4,Math,Grade 4,1509,1563,1604,464
4,Math,Grade 4,1474,1563,1566,464
4,Math,Grade 4,1530,1533,1554,464
4,Math,Grade 4,1482,1572,1542,464
4,Math,Grade 4,1523,1607,1596,464
4,Math,Grade 4,1545,1581,1566,465
4,Math,Grade 4,1516,1511,1675,465
4,Math,Grade 4,1530,1572,1604,465
4,Math,Grade 4,1502,1625,1596,465
4,Math,Grade 4,1451,1544,1509,465
4,Math,Grade 4,1578,1644,1622,465
4,Math,Grade 4,1516,1599,1613,465
4,Math,Grade 4,1480,1563,1571,465
4,Math,Grade 4,1530,1581,1554,465
4,Math,Grade 4,1516,1581,1534,465
4,Math,Grade 4,1523,1599,1641,465
4,Math,Grade 4,1545,1511,1542,465
4,Math,Grade 4,1474,1544,1525,465
4,Math,Grade 4,1487,1544,1562,465
4,Math,Grade 4,1494,1553,1579,465
4,Math,Grade 4,1481,1607,1579,465
4,Math,Grade 4,1494,1599,1587,465
4,Math,Grade 4,1501,1502,1517,465
4,Math,Grade 4,1545,1552,1558,465
4,Math,Grade 4,1505,1625,1583,465
4,Math,Grade 4,1458,1475,1525,465
4,Math,Grade 4,1530,1572,1622,465
4,Math,Grade 4,1509,1599,1596,465
4,Math,Grade 4,1511,1563,1566,465
4,Math,Grade 4,1489,1635,1562,465
4,Math,Grade 4,1530,1599,1571,465
4,Math,Grade 4,1530,1607,1579,466
4,Math,Grade 4,1552,1553,1525,466
4,Math,Grade 4,1523,1563,1596,466
4,Math,Grade 4,1578,1635,1562,466
4,Math,Grade 4,1518,1553,1536,466
4,Math,Grade 4,1509,1527,1534,466
4,Math,Grade 4,1489,1655,1558,466
4,Math,Grade 4,1504,1572,1579,466
4,Math,Grade 4,1497,1569,1579,466
4,Math,Grade 4,1552,1625,1571,466
4,Math,Grade 4,1487,1544,1562,466
4,Math,Grade 4,1466,1552,1562,466
4,Math,Grade 4,1516,1607,1587,466
4,Math,Grade 4,1575,1644,1651,466
4,Math,Grade 4,1545,1563,1562,466
4,Math,Grade 4,1509,1527,1542,466
4,Math,Grade 4,1451,1536,1566,466
4,Math,Grade 4,1466,1572,1558,466
4,Math,Grade 4,1523,1581,1587,466
4,Math,Grade 4,1567,1599,1562,466
4,Math,Grade 4,1545,1552,1517,466
4,Math,Grade 4,1489,1527,1675,466
4,Math,Grade 4,1523,1644,1587,466
4,Math,Grade 4,1505,1572,1525,467
4,Math,Grade 4,1426,1465,1491,467
4,Math,Grade 4,1523,1625,1587,467
4,Math,Grade 4,1552,1572,1604,467
4,Math,Grade 4,1494,1563,1571,467
4,Math,Grade 4,1552,1569,1622,467
4,Math,Grade 4,1530,1569,1579,467
4,Math,Grade 4,1481,1511,1536,467
4,Math,Grade 4,1509,1544,1525,467
4,Math,Grade 4,1538,1572,1587,467
4,Math,Grade 4,1497,1533,1525,467
4,Math,Grade 4,1509,1616,1583,467
4,Math,Grade 4,1530,1581,1604,467
4,Math,Grade 4,1502,1511,1534,467
4,Math,Grade 4,1538,1536,1558,467
4,Math,Grade 4,1489,1563,1550,467
4,Math,Grade 4,1530,1572,1596,467
4,Math,Grade 4,1489,1527,1545,467
4,Math,Grade 4,1560,1666,1613,467
4,Math,Grade 4,1482,1527,1571,467
4,Math,Grade 4,1545,1563,1579,467
4,Math,Grade 4,1509,1590,1566,467
4,Math,Grade 4,1530,1572,1550,467
4,Math,Grade 4,1533,1527,1571,467
4,Math,Grade 4,1516,1553,1579,467
4,Math,Grade 4,1518,1563,1545,467
4,Math,Grade 4,1481,1572,1587,467
4,Math,Grade 4,1501,1572,1579,467
4,Math,Grade 4,1530,1607,1604,467
4,Math,Grade 4,1575,1572,1604,467
4,Math,Grade 4,1545,1544,1571,467
4,Math,Grade 4,1518,1544,1579,467
4,Math,Grade 4,1538,1590,1596,467
4,Math,Grade 4,1605,1607,1675,467
4,Math,Grade 4,1545,1581,1613,467
4,Math,Grade 4,1504,1544,1707,467
4,Math,Grade 4,1449,1561,1534,468
4,Math,Grade 4,1523,1544,1587,468
4,Math,Grade 4,1545,1572,1579,468
4,Math,Grade 4,1560,1607,1550,468
4,Math,Grade 4,1545,1544,1571,468
4,Math,Grade 4,1511,1527,1500,468
4,Math,Grade 4,1458,1494,1534,468
4,Math,Grade 4,1472,1590,1571,468
4,Math,Grade 4,1545,1581,1587,468
4,Math,Grade 4,1545,1544,1583,468
4,Math,Grade 4,1480,1590,1545,468
4,Math,Grade 4,1481,1519,1525,468
4,Math,Grade 4,1545,1552,1579,468
4,Math,Grade 4,1517,1553,1604,468
4,Math,Grade 4,1523,1581,1562,468
4,Math,Grade 4,1509,1553,1562,468
4,Math,Grade 4,1545,1572,1596,468
4,Math,Grade 4,1474,1485,1517,468
4,Math,Grade 4,1530,1527,1542,468
4,Math,Grade 4,1466,1536,1562,468
4,Math,Grade 4,1497,1607,1579,468
4,Math,Grade 4,1489,1590,1579,468
4,Math,Grade 4,1530,1581,1622,468
4,Math,Grade 4,1523,1511,1562,468
4,Math,Grade 4,1509,1536,1574,468
4,Math,Grade 4,1538,1581,1579,468
4,Math,Grade 4,1501,1536,1622,468
4,Math,Grade 4,1497,1527,1571,468
4,Math,Grade 4,1516,1519,1517,468
4,Math,Grade 4,1489,1590,1662,468
4,Math,Grade 4,1523,1561,1562,468
4,Math,Grade 4,1526,1599,1545,468
4,Math,Grade 4,1474,1544,1550,468
4,Math,Grade 4,1538,1536,1562,468
4,Math,Grade 4,1435,1572,1542,468
4,Math,Grade 4,1530,1625,1613,468
4,Math,Grade 4,1517,1581,1731,468
4,Math,Grade 4,1501,1553,1562,468
4,Math,Grade 4,1497,1581,1558,468
4,Math,Grade 4,1538,1527,1604,468
4,Math,Grade 4,1487,1561,1587,468
4,Math,Grade 4,1440,1572,1613,468
4,Math,Grade 4,1505,1533,1571,468
4,Math,Grade 4,1458,1465,1517,468
4,Math,Grade 4,1516,1607,1542,468
4,Math,Grade 4,1474,1527,1536,468
4,Math,Grade 4,1567,1616,1613,468
4,Math,Grade 4,1502,1590,1604,469
4,Math,Grade 4,1524,1599,1622,469
4,Math,Grade 4,1481,1563,1491,469
4,Math,Grade 4,1481,1635,1622,469
4,Math,Grade 4,1516,1616,1587,469
4,Math,Grade 4,1540,1625,1579,469
4,Math,Grade 4,1466,1581,1604,469
4,Math,Grade 4,1489,1599,1604,469
4,Math,Grade 4,1523,1553,1558,469
4,Math,Grade 4,1526,1572,1566,469
4,Math,Grade 4,1466,1572,1631,469
4,Math,Grade 4,1516,1581,1596,469
4,Math,Grade 4,1575,1644,1641,469
4,Math,Grade 4,1501,1527,1562,469
4,Math,Grade 4,1524,1607,1596,469
4,Math,Grade 4,1487,1553,1545,469
4,Math,Grade 4,1509,1527,1558,469
4,Math,Grade 4,1552,1553,1574,469
4,Math,Grade 4,1501,1590,1525,469
4,Math,Grade 4,1509,1553,1613,469
4,Math,Grade 4,1516,1581,1542,469
4,Math,Grade 4,1545,1511,1574,469
4,Math,Grade 4,1538,1572,1596,469
4,Math,Grade 4,1451,1502,1542,469
4,Math,Grade 4,1502,1599,1587,469
4,Math,Grade 4,1497,1561,1534,469
4,Math,Grade 4,1511,1544,1545,469
4,Math,Grade 4,1489,1572,1579,469
4,Math,Grade 4,1443,1544,1579,469
4,Math,Grade 4,1552,1607,1631,469
4,Math,Grade 4,1497,1616,1596,469
4,Math,Grade 4,1481,1581,1622,469
4,Math,Grade 4,1516,1563,1587,469
4,Math,Grade 4,1511,1581,1509,469
4,Math,Grade 4,1489,1599,1592,469
4,Math,Grade 4,1509,1544,1562,469
4,Math,Grade 4,1501,1502,1517,469
4,Math,Grade 4,1487,1561,1571,469
4,Math,Grade 4,1538,1572,1545,469
4,Math,Grade 4,1545,1706,1641,469
4,Math,Grade 4,1501,1552,1571,469
4,Math,Grade 4,1511,1519,1534,470
4,Math,Grade 4,1567,1569,1554,470
4,Math,Grade 4,1545,1607,1622,470
4,Math,Grade 4,1538,1581,1534,470
4,Math,Grade 4,1560,1563,1517,470
4,Math,Grade 4,1474,1572,1613,470
4,Math,Grade 4,1526,1572,1554,470
4,Math,Grade 4,1545,1625,1571,470
4,Math,Grade 4,1545,1552,1562,470
4,Math,Grade 4,1505,1590,1558,470
4,Math,Grade 4,1516,1536,1554,470
4,Math,Grade 4,1466,1465,1491,470
4,Math,Grade 4,1523,1563,1562,470
4,Math,Grade 4,1472,1544,1554,470
4,Math,Grade 4,1501,1590,1562,470
4,Math,Grade 4,1504,1536,1571,470
4,Math,Grade 4,1538,1553,1587,470
4,Math,Grade 4,1524,1572,1613,470
4,Math,Grade 4,1538,1581,1566,470
4,Math,Grade 4,1523,1544,1525,470
4,Math,Grade 4,1530,1572,1500,470
4,Math,Grade 4,1545,1553,1550,470
4,Math,Grade 4,1523,1572,1587,470
4,Math,Grade 4,1504,1572,1536,470
4,Math,Grade 4,1524,1599,1641,470
4,Math,Grade 4,1494,1581,1566,470
4,Math,Grade 4,1523,1544,1562,470
4,Math,Grade 4,1513,1552,1571,470
4,Math,Grade 4,1474,1552,1574,470
4,Math,Grade 4,1516,1581,1574,470
4,Math,Grade 4,1538,1519,1554,470
4,Math,Grade 4,1489,1572,1550,470
4,Math,Grade 4,1533,1590,1550,470
4,Math,Grade 4,1545,1581,1587,471
4,Math,Grade 4,1545,1572,1690,471
4,Math,Grade 4,1530,1563,1651,471
4,Math,Grade 4,1523,1666,1707,471
4,Math,Grade 4,1538,1569,1622,471
4,Math,Grade 4,1523,1581,1554,471
4,Math,Grade 4,1497,1616,1675,471
4,Math,Grade 4,1523,1590,1622,471
4,Math,Grade 4,1466,1553,1550,471
4,Math,Grade 4,1489,1581,1545,471
4,Math,Grade 4,1497,1581,1579,471
4,Math,Grade 4,1552,1533,1596,471
4,Math,Grade 4,1516,1625,1596,471
4,Math,Grade 4,1552,1635,1604,471
4,Math,Grade 4,1583,1590,1579,471
4,Math,Grade 4,1567,1635,1596,471
4,Math,Grade 4,1494,1590,1631,471
4,Math,Grade 4,1489,1625,1545,471
4,Math,Grade 4,1443,1519,1542,471
4,Math,Grade 4,1474,1572,1604,471
4,Math,Grade 4,1545,1625,1613,471
4,Math,Grade 4,1552,1544,1613,471
4,Math,Grade 4,1505,1527,1587,471
4,Math,Grade 4,1523,1590,1566,471
4,Math,Grade 4,1458,1563,1604,471
4,Math,Grade 4,1538,1590,1542,471
4,Math,Grade 4,1487,1544,1525,471
4,Math,Grade 4,1509,1527,1542,471
4,Math,Grade 4,1545,1561,1622,472
4,Math,Grade 4,1487,1544,1536,472
4,Math,Grade 4,1509,1536,1525,472
4,Math,Grade 4,1474,1527,1536,472
4,Math,Grade 4,1567,1581,1571,472
4,Math,Grade 4,1474,1536,1558,472
4,Math,Grade 4,1501,1572,1571,472
4,Math,Grade 4,1458,1599,1587,472
4,Math,Grade 4,1509,1581,1587,472
4,Math,Grade 4,1578,1607,1579,472
4,Math,Grade 4,1538,1581,1579,472
4,Math,Grade 4,1560,1625,1604,472
4,Math,Grade 4,1480,1563,1558,472
4,Math,Grade 4,1509,1590,1596,472
4,Math,Grade 4,1545,1561,1596,472
4,Math,Grade 4,1530,1552,1596,472
4,Math,Grade 4,1516,1607,1604,472
4,Math,Grade 4,1518,1544,1525,472
4,Math,Grade 4,1489,1544,1579,472
4,Math,Grade 4,1552,1581,1571,472
4,Math,Grade 4,1526,1563,1566,472
4,Math,Grade 4,1505,1552,1613,472
4,Math,Grade 4,1474,1511,1571,472
4,Math,Grade 4,1538,1599,1571,472
4,Math,Grade 4,1458,1536,1562,472
4,Math,Grade 4,1489,1519,1562,472
4,Math,Grade 4,1538,1544,1574,472
4,Math,Grade 4,1489,1572,1534,472
4,Math,Grade 4,1497,1590,1579,472
4,Math,Grade 4,1511,1581,1587,472
4,Math,Grade 4,1516,1581,1622,472
4,Math,Grade 4,1480,1527,1562,472
4,Math,Grade 4,1523,1519,1534,472
4,Math,Grade 4,1532,1599,1604,472
4,Math,Grade 4,1466,1563,1550,472
4,Math,Grade 4,1526,1544,1579,473
4,Math,Grade 4,1466,1552,1542,473
4,Math,Grade 4,1545,1581,1562,473
4,Math,Grade 4,1466,1536,1534,473
4,Math,Grade 4,1523,1607,1596,473
4,Math,Grade 4,1509,1553,1562,473
4,Math,Grade 4,1575,1590,1596,473
4,Math,Grade 4,1489,1502,1558,473
4,Math,Grade 4,1509,1607,1587,473
4,Math,Grade 4,1487,1553,1550,473
4,Math,Grade 4,1552,1625,1651,473
4,Math,Grade 4,1548,1581,1579,473
4,Math,Grade 4,1567,1607,1631,473
4,Math,Grade 4,1545,1544,1571,473
4,Math,Grade 4,1523,1544,1571,473
4,Math,Grade 4,1560,1579,1604,473
4,Math,Grade 4,1494,1572,1571,473
4,Math,Grade 4,1530,1563,1596,473
4,Math,Grade 4,1497,1590,1542,473
4,Math,Grade 4,1481,1527,1534,473
4,Math,Grade 4,1523,1590,1631,473
4,Math,Grade 4,1486,1511,1542,473
4,Math,Grade 4,1502,1553,1500,473
4,Math,Grade 4,1517,1552,1579,473
4,Math,Grade 4,1497,1552,1550,473
4,Math,Grade 4,1523,1569,1562,473
4,Math,Grade 4,1509,1581,1571,473
4,Math,Grade 4,1494,1519,1587,473
4,Math,Grade 4,1524,1544,1631,474
4,Math,Grade 4,1474,1536,1566,474
4,Math,Grade 4,1560,1581,1613,474
4,Math,Grade 4,1501,1581,1554,474
4,Math,Grade 4,1509,1581,1558,474
4,Math,Grade 4,1530,1572,1587,474
4,Math,Grade 4,1516,1544,1517,474
4,Math,Grade 4,1560,1625,1604,474
4,Math,Grade 4,1505,1527,1509,474
4,Math,Grade 4,1502,1590,1596,474
4,Math,Grade 4,1509,1563,1562,474
4,Math,Grade 4,1530,1553,1579,474
4,Math,Grade 4,1480,1581,1534,474
4,Math,Grade 4,1545,1625,1596,474
4,Math,Grade 4,1567,1502,1542,474
4,Math,Grade 4,1487,1581,1542,474
4,Math,Grade 4,1518,1536,1596,474
4,Math,Grade 4,1474,1465,1545,474
4,Math,Grade 4,1480,1527,1562,474
4,Math,Grade 4,1501,1581,1596,474
4,Math,Grade 4,1458,1519,1550,474
4,Math,Grade 4,1487,1511,1596,474
4,Math,Grade 4,1497,1572,1550,474
4,Math,Grade 4,1545,1553,1571,474
4,Math,Grade 4,1509,1607,1587,474
4,Math,Grade 4,1361,1511,1550,474
4,Math,Grade 4,1516,1599,1517,474
4,Math,Grade 4,1538,1644,1579,474
4,Math,Grade 4,1601,1616,1571,474
4,Math,Grade 4,1545,1599,1587,474
4,Math,Grade 4,1567,1599,1641,474
4,Math,Grade 4,1451,1561,1596,474
4,Math,Grade 4,1466,1552,1517,474
4,Math,Grade 4,1516,1563,1558,474
4,Math,Grade 4,1497,1572,1562,474
4,Math,Grade 4,1596,1625,1662,474
4,Math,Grade 4,1523,1572,1517,474
4,Math,Grade 4,1530,1599,1566,474
4,Math,Grade 4,1451,1599,1587,474
4,Math,Grade 4,1552,1563,1571,474
4,Math,Grade 4,1486,1544,1587,474
4,Math,Grade 4,1509,1607,1536,474
4,Math,Grade 4,1575,1572,1562,474
4,Math,Grade 4,1524,1572,1571,475
4,Math,Grade 4,1530,1635,1550,475
4,Math,Grade 4,1489,1519,1542,475
4,Math,Grade 4,1458,1536,1509,475
4,Math,Grade 4,1494,1581,1587,475
4,Math,Grade 4,1458,1544,1542,475
4,Math,Grade 4,1465,1552,1579,475
4,Math,Grade 4,1552,1607,1587,475
4,Math,Grade 4,1530,1544,1579,475
4,Math,Grade 4,1494,1616,1587,475
4,Math,Grade 4,1502,1599,1571,475
4,Math,Grade 4,1481,1572,1604,475
4,Math,Grade 4,1517,1581,1571,475
4,Math,Grade 4,1480,1599,1596,475
4,Math,Grade 4,1481,1563,1571,475
4,Math,Grade 4,1518,1527,1574,475
4,Math,Grade 4,1538,1579,1571,475
4,Math,Grade 4,1501,1590,1587,475
4,Math,Grade 4,1523,1563,1579,475
4,Math,Grade 4,1489,1572,1562,475
4,Math,Grade 4,1494,1563,1587,475
4,Math,Grade 4,1480,1561,1562,475
4,Math,Grade 4,1523,1581,1550,475
4,Math,Grade 4,1509,1533,1545,475
4,Math,Grade 4,1592,1666,1596,475
4,Math,Grade 4,1486,1599,1571,475
4,Math,Grade 4,1497,1572,1542,475
4,Math,Grade 4,1567,1599,1631,475
4,Math,Grade 4,1552,1581,1562,475
4,Math,Grade 4,1538,1599,1579,475
4,Math,Grade 4,1474,1523,1517,475
4,Math,Grade 4,1426,1544,1596,475
4,Math,Grade 4,1505,1590,1534,475
4,Math,Grade 4,1575,1599,1622,476
4,Math,Grade 4,1524,1569,1558,476
4,Math,Grade 4,1504,1558,1550,476
4,Math,Grade 4,1458,1494,1517,476
4,Math,Grade 4,1516,1599,1613,476
4,Math,Grade 4,1497,1544,1579,476
4,Math,Grade 4,1545,1616,1613,476
4,Math,Grade 4,1530,1599,1562,476
4,Math,Grade 4,1501,1536,1534,476
4,Math,Grade 4,1545,1511,1534,476
4,Math,Grade 4,1530,1607,1604,476
4,Math,Grade 4,1530,1553,1562,476
4,Math,Grade 4,1511,1563,1554,476
4,Math,Grade 4,1552,1616,1622,476
4,Math,Grade 4,1489,1581,1613,476
4,Math,Grade 4,1494,1553,1566,476
4,Math,Grade 4,1435,1536,1587,476
4,Math,Grade 4,1523,1519,1571,476
4,Math,Grade 4,1489,1625,1571,476
4,Math,Grade 4,1530,1644,1613,476
4,Math,Grade 4,1518,1527,1460,476
4,Math,Grade 4,1458,1590,1579,476
4,Math,Grade 4,1516,1553,1604,476
4,Math,Grade 4,1497,1590,1554,476
4,Math,Grade 4,1552,1553,1534,476
4,Math,Grade 4,1505,1572,1571,476
4,Math,Grade 4,1538,1561,1571,476
4,Math,Grade 4,1560,1544,1558,476
4,Math,Grade 4,1502,1590,1604,476
4,Math,Grade 4,1575,1644,1536,476
4,Math,Grade 4,1509,1607,1604,476
4,Math,Grade 4,1502,1569,1554,476
4,Math,Grade 4,1538,1527,1542,476
4,Math,Grade 4,1497,1644,1604,476
4,Math,Grade 4,1523,1590,1542,476
4,Math,Grade 4,1623,1655,1631,477
4,Math,Grade 4,1466,1527,1534,477
4,Math,Grade 4,1497,1625,1579,477
4,Math,Grade 4,1489,1572,1596,477
4,Math,Grade 4,1545,1563,1579,477
4,Math,Grade 4,1517,1655,1596,477
4,Math,Grade 4,1451,1544,1571,477
4,Math,Grade 4,1552,1655,1571,477
4,Math,Grade 4,1511,1572,1604,477
4,Math,Grade 4,1530,1572,1641,477
4,Math,Grade 4,1480,1561,1587,477
4,Math,Grade 4,1538,1581,1587,477
4,Math,Grade 4,1494,1590,1509,477
4,Math,Grade 4,1418,1511,1542,477
4,Math,Grade 4,1538,1553,1534,477
4,Math,Grade 4,1523,1485,1571,477
4,Math,Grade 4,1457,1544,1566,477
4,Math,Grade 4,1489,1581,1550,477
4,Math,Grade 4,1530,1590,1613,477
4,Math,Grade 4,1502,1553,1542,477
4,Math,Grade 4,1530,1552,1641,477
4,Math,Grade 4,1530,1599,1562,477
4,Math,Grade 4,1513,1590,1574,477
4,Math,Grade 4,1523,1572,1579,477
4,Math,Grade 4,1497,1569,1571,477
4,Math,Grade 4,1509,1581,1525,477
4,Math,Grade 4,1504,1581,1554,477
4,Math,Grade 4,1509,1563,1579,477
4,Math,Grade 4,1501,1599,1587,477
4,Math,Grade 4,1530,1536,1596,477
4,Math,Grade 4,1552,1552,1571,477
4,Math,Grade 4,1481,1536,1566,477
4,Math,Grade 4,1538,1563,1613,478
4,Math,Grade 4,1474,1536,1525,478
4,Math,Grade 4,1560,1536,1542,478
4,Math,Grade 4,1552,1544,1550,478
4,Math,Grade 4,1524,1536,1500,478
4,Math,Grade 4,1509,1581,1596,478
4,Math,Grade 4,1538,1519,1604,478
4,Math,Grade 4,1504,1563,1534,478
4,Math,Grade 4,1552,1572,1554,478
4,Math,Grade 4,1501,1563,1554,478
4,Math,Grade 4,1523,1544,1571,478
4,Math,Grade 4,1575,1563,1571,478
4,Math,Grade 4,1538,1553,1587,478
4,Math,Grade 4,1501,1553,1550,478
4,Math,Grade 4,1538,1599,1517,478
4,Math,Grade 4,1545,1666,1579,478
4,Math,Grade 4,1545,1563,1562,478
4,Math,Grade 4,1480,1552,1631,478
4,Math,Grade 4,1494,1553,1571,478
4,Math,Grade 4,1502,1590,1604,478
4,Math,Grade 4,1516,1561,1536,478
4,Math,Grade 4,1530,1616,1613,478
4,Math,Grade 4,1516,1552,1613,478
4,Math,Grade 4,1501,1563,1587,478
4,Math,Grade 4,1560,1625,1596,478
4,Math,Grade 4,1518,1553,1571,478
4,Math,Grade 4,1501,1572,1550,478
4,Math,Grade 4,1516,1569,1534,478
4,Math,Grade 4,1530,1635,1651,478
4,Math,Grade 4,1481,1590,1651,478
4,Math,Grade 4,1502,1599,1596,478
4,Math,Grade 4,1489,1599,1534,478
4,Math,Grade 4,1567,1552,1550,478
4,Math,Grade 4,1509,1590,1571,478
4,Math,Grade 4,1523,1599,1571,478
4,Math,Grade 4,1505,1536,1566,478
4,Math,Grade 4,1451,1536,1562,478
4,Math,Grade 4,1497,1544,1574,478
4,Math,Grade 4,1502,1572,1587,478
4,Math,Grade 4,1567,1644,1613,478
4,Math,Grade 4,1523,1527,1631,478
4,Math,Grade 4,1569,1607,1596,478
4,Math,Grade 4,1517,1536,1562,478
4,Math,Grade 4,1530,1616,1604,478
4,Math,Grade 4,1560,1625,1596,478
4,Math,Grade 4,1511,1544,1651,478
4,Math,Grade 4,1494,1552,1534,478
4,Math,Grade 4,1526,1544,1571,479
4,Math,Grade 4,1560,1572,1613,479
4,Math,Grade 4,1523,1572,1622,479
4,Math,Grade 4,1545,1590,1631,479
4,Math,Grade 4,1516,1527,1536,479
4,Math,Grade 4,1494,1544,1534,479
4,Math,Grade 4,1523,1519,1500,479
4,Math,Grade 4,1481,1581,1558,479
4,Math,Grade 4,1560,1616,1651,479
4,Math,Grade 4,1545,1552,1596,479
4,Math,Grade 4,1502,1561,1596,479
4,Math,Grade 4,1487,1616,1613,479
4,Math,Grade 4,1552,1572,1579,479
4,Math,Grade 4,1545,1544,1604,479
4,Math,Grade 4,1552,1527,1525,479
4,Math,Grade 4,1509,1552,1579,479
4,Math,Grade 4,1509,1511,1579,479
4,Math,Grade 4,1494,1563,1613,479
4,Math,Grade 4,1497,1581,1596,479
4,Math,Grade 4,1486,1552,1579,479
4,Math,Grade 4,1517,1635,1631,479
4,Math,Grade 4,1523,1607,1542,479
4,Math,Grade 4,1504,1552,1579,479
4,Math,Grade 4,1516,1563,1554,479
4,Math,Grade 4,1523,1572,1579,479
4,Math,Grade 4,1560,1706,1769,479
4,Math,Grade 4,1509,1533,1579,479
4,Math,Grade 4,1465,1552,1534,479
4,Math,Grade 4,1497,1599,1574,479
4,Math,Grade 4,1530,1552,1550,479
4,Math,Grade 4,1552,1544,1596,479
4,Math,Grade 4,1575,1599,1587,479
4,Math,Grade 4,1511,1590,1509,479
4,Math,Grade 4,1497,1644,1579,479
4,Math,Grade 4,1474,1527,1545,479
4,Math,Grade 4,1523,1502,1554,479
4,Math,Grade 4,1545,1544,1534,479
4,Math,Grade 4,1505,1563,1550,479
4,Math,Grade 4,1489,1552,1562,479
4,Math,Grade 4,1466,1465,1500,480
4,Math,Grade 4,1501,1552,1583,480
4,Math,Grade 4,1458,1552,1534,480
4,Math,Grade 4,1501,1563,1596,480
4,Math,Grade 4,1509,1677,1731,480
4,Math,Grade 4,1480,1599,1583,480
4,Math,Grade 4,1567,1677,1651,480
4,Math,Grade 4,1545,1544,1558,480
4,Math,Grade 4,1530,1553,1550,480
4,Math,Grade 4,1516,1552,1622,480
4,Math,Grade 4,1466,1544,1554,480
4,Math,Grade 4,1497,1544,1509,480
4,Math,Grade 4,1523,1552,1562,480
4,Math,Grade 4,1545,1666,1613,480
4,Math,Grade 4,1538,1599,1545,480
4,Math,Grade 4,1486,1511,1571,480
4,Math,Grade 4,1511,1590,1550,480
4,Math,Grade 4,1497,1599,1596,480
4,Math,Grade 4,1552,1635,1550,480
4,Math,Grade 4,1530,1616,1587,480
4,Math,Grade 4,1426,1552,1596,480
4,Math,Grade 4,1523,1511,1579,480
4,Math,Grade 4,1517,1599,1562,480
4,Math,Grade 4,1435,1553,1579,480
4,Math,Grade 4,1516,1544,1562,480
4,Math,Grade 4,1458,1552,1558,480
4,Math,Grade 4,1481,1553,1542,480
4,Math,Grade 4,1465,1599,1571,480
4,Math,Grade 4,1533,1616,1558,480
4,Math,Grade 4,1530,1572,1574,480
4,Math,Grade 4,1458,1536,1550,481
4,Math,Grade 4,1502,1519,1566,481
4,Math,Grade 4,1538,1616,1596,481
4,Math,Grade 4,1545,1552,1500,481
4,Math,Grade 4,1567,1616,1613,481
4,Math,Grade 4,1489,1625,1631,481
4,Math,Grade 4,1538,1588,1579,481
4,Math,Grade 4,1518,1563,1566,481
4,Math,Grade 4,1545,1607,1587,481
4,Math,Grade 4,1523,1572,1579,481
4,Math,Grade 4,1505,1544,1587,481
4,Math,Grade 4,1451,1494,1542,481
4,Math,Grade 4,1560,1581,1579,481
4,Math,Grade 4,1523,1563,1571,481
4,Math,Grade 4,1489,1544,1558,481
4,Math,Grade 4,1538,1590,1579,481
4,Math,Grade 4,1545,1607,1542,481
4,Math,Grade 4,1501,1581,1622,481
4,Math,Grade 4,1494,1563,1534,481
4,Math,Grade 4,1489,1599,1596,481
4,Math,Grade 4,1487,1544,1571,481
4,Math,Grade 4,1504,1563,1574,481
4,Math,Grade 4,1472,1635,1622,481
4,Math,Grade 4,1474,1527,1574,481
4,Math,Grade 4,1516,1691,1769,481
4,Math,Grade 4,1540,1581,1604,481
4,Math,Grade 4,1497,1579,1574,481
4,Math,Grade 4,1487,1581,1574,481
4,Math,Grade 4,1523,1552,1517,481
4,Math,Grade 4,1523,1599,1579,481
4,Math,Grade 4,1516,1527,1769,481
4,Math,Grade 4,1523,1572,1587,481
4,Math,Grade 4,1486,1519,1571,481
4,Math,Grade 4,1614,1625,1622,481
4,Math,Grade 4,1451,1519,1491,482
4,Math,Grade 4,1481,1519,1562,482
4,Math,Grade 4,1530,1563,1579,482
4,Math,Grade 4,1545,1536,1579,482
4,Math,Grade 4,1530,1599,1587,482
4,Math,Grade 4,1451,1599,1613,482
4,Math,Grade 4,1502,1581,1641,482
4,Math,Grade 4,1489,1581,1571,482
4,Math,Grade 4,1518,1590,1558,482
4,Math,Grade 4,1505,1599,1622,482
4,Math,Grade 4,1494,1581,1579,482
4,Math,Grade 4,1523,1590,1545,482
4,Math,Grade 4,1530,1590,1587,482
4,Math,Grade 4,1545,1572,1604,482
4,Math,Grade 4,1497,1590,1596,482
4,Math,Grade 4,1530,1572,1604,482
4,Math,Grade 4,1567,1563,1613,482
4,Math,Grade 4,1538,1625,1587,482
4,Math,Grade 4,1481,1581,1566,482
4,Math,Grade 4,1530,1572,1604,482
4,Math,Grade 4,1560,1607,1631,482
4,Math,Grade 4,1575,1607,1613,482
4,Math,Grade 4,1466,1552,1491,482
4,Math,Grade 4,1516,1590,1641,482
4,Math,Grade 4,1523,1599,1587,482
4,Math,Grade 4,1487,1544,1542,482
4,Math,Grade 4,1474,1581,1550,482
4,Math,Grade 4,1516,1563,1566,482
4,Math,Grade 4,1530,1563,1579,482
4,Math,Grade 4,1560,1724,1651,482
4,Math,Grade 4,1538,1581,1550,483
4,Math,Grade 4,1481,1563,1579,483
4,Math,Grade 4,1501,1563,1558,483
4,Math,Grade 4,1509,1561,1596,483
4,Math,Grade 4,1560,1590,1613,483
4,Math,Grade 4,1545,1544,1587,483
4,Math,Grade 4,1516,1625,1579,483
4,Math,Grade 4,1481,1572,1641,483
4,Math,Grade 4,1489,1590,1554,483
4,Math,Grade 4,1481,1581,1613,483
4,Math,Grade 4,1538,1572,1587,483
4,Math,Grade 4,1516,1563,1596,483
4,Math,Grade 4,1592,1599,1596,483
4,Math,Grade 4,1545,1581,1571,483
4,Math,Grade 4,1575,1635,1596,483
4,Math,Grade 4,1472,1625,1604,483
4,Math,Grade 4,1538,1544,1545,483
4,Math,Grade 4,1474,1519,1604,483
4,Math,Grade 4,1538,1572,1587,483
4,Math,Grade 4,1501,1607,1545,483
4,Math,Grade 4,1552,1590,1604,483
4,Math,Grade 4,1575,1635,1641,483
4,Math,Grade 4,1530,1561,1583,483
4,Math,Grade 4,1509,1569,1631,483
4,Math,Grade 4,1538,1616,1571,483
4,Math,Grade 4,1487,1572,1554,483
4,Math,Grade 4,1509,1563,1596,483
4,Math,Grade 4,1545,1616,1613,483
4,Math,Grade 4,1523,1625,1604,483
4,Math,Grade 4,1474,1536,1579,483
4,Math,Grade 4,1518,1607,1604,483
4,Math,Grade 4,1530,1527,1554,484
4,Math,Grade 4,1583,1635,1662,484
4,Math,Grade 4,1552,1635,1583,484
4,Math,Grade 4,1509,1581,1622,484
4,Math,Grade 4,1516,1581,1604,484
4,Math,Grade 4,1552,1655,1562,484
4,Math,Grade 4,1538,1644,1587,484
4,Math,Grade 4,1516,1579,1545,484
4,Math,Grade 4,1538,1590,1613,484
4,Math,Grade 4,1517,1635,1641,484
4,Math,Grade 4,1474,1590,1558,484
4,Math,Grade 4,1487,1607,1596,484
4,Math,Grade 4,1530,1599,1579,484
4,Math,Grade 4,1504,1550,1500,484
4,Math,Grade 4,1487,1607,1587,484
4,Math,Grade 4,1523,1581,1550,484
4,Math,Grade 4,1530,1590,1562,484
4,Math,Grade 4,1560,1625,1613,484
4,Math,Grade 4,1530,1616,1651,484
4,Math,Grade 4,1497,1572,1571,484
4,Math,Grade 4,1538,1590,1558,484
4,Math,Grade 4,1516,1569,1550,484
4,Math,Grade 4,1545,1581,1596,484
4,Math,Grade 4,1509,1581,1562,484
4,Math,Grade 4,1474,1519,1604,484
4,Math,Grade 4,1482,1544,1545,484
4,Math,Grade 4,1560,1616,1622,484
4,Math,Grade 4,1509,1572,1550,484
4,Math,Grade 4,1497,1607,1622,484
4,Math,Grade 4,1545,1572,1613,484
4,Math,Grade 4,1472,1581,1550,484
4,Math,Grade 4,1560,1625,1622,484
4,Math,Grade 4,1497,1563,1662,484
4,Math,Grade 4,1575,1616,1662,484
4,Math,Grade 4,1523,1607,1583,484
4,Math,Grade 4,1575,1635,1604,485
4,Math,Grade 4,1552,1572,1613,485
4,Math,Grade 4,1523,1590,1571,485
4,Math,Grade 4,1509,1607,1571,485
4,Math,Grade 4,1583,1599,1613,485
4,Math,Grade 4,1545,1536,1622,485
4,Math,Grade 4,1502,1563,1596,485
4,Math,Grade 4,1509,1599,1587,485
4,Math,Grade 4,1516,1607,1596,485
4,Math,Grade 4,1516,1563,1571,485
4,Math,Grade 4,1509,1553,1566,485
4,Math,Grade 4,1545,1519,1587,485
4,Math,Grade 4,1523,1616,1769,485
4,Math,Grade 4,1523,1635,1631,485
4,Math,Grade 4,1504,1563,1579,485
4,Math,Grade 4,1458,1572,1554,485
4,Math,Grade 4,1523,1590,1542,485
4,Math,Grade 4,1474,1561,1622,485
4,Math,Grade 4,1538,1625,1604,485
4,Math,Grade 4,1501,1553,1566,485
4,Math,Grade 4,1517,1572,1596,485
4,Math,Grade 4,1530,1599,1587,485
4,Math,Grade 4,1489,1544,1550,485
4,Math,Grade 4,1530,1544,1545,485
4,Math,Grade 4,1494,1572,1587,485
4,Math,Grade 4,1502,1563,1631,485
4,Math,Grade 4,1489,1572,1596,485
4,Math,Grade 4,1466,1527,1574,486
4,Math,Grade 4,1567,1607,1651,486
4,Math,Grade 4,1509,1590,1579,486
4,Math,Grade 4,1516,1581,1579,486
4,Math,Grade 4,1480,1607,1651,486
4,Math,Grade 4,1480,1553,1558,486
4,Math,Grade 4,1523,1563,1558,486
4,Math,Grade 4,1567,1569,1571,486
4,Math,Grade 4,1408,1544,1571,486
4,Math,Grade 4,1487,1563,1571,486
4,Math,Grade 4,1552,1599,1587,486
4,Math,Grade 4,1501,1599,1587,486
4,Math,Grade 4,1545,1511,1675,486
4,Math,Grade 4,1516,1590,1566,486
4,Math,Grade 4,1516,1572,1587,486
4,Math,Grade 4,1567,1553,1542,486
4,Math,Grade 4,1583,1599,1596,486
4,Math,Grade 4,1530,1561,1604,486
4,Math,Grade 4,1501,1563,1613,486
4,Math,Grade 4,1523,1553,1562,486
4,Math,Grade 4,1516,1563,1579,486
4,Math,Grade 4,1481,1616,1596,486
4,Math,Grade 4,1480,1581,1651,486
4,Math,Grade 4,1504,1590,1604,486
4,Math,Grade 4,1511,1536,1525,486
4,Math,Grade 4,1545,1561,1604,486
4,Math,Grade 4,1567,1599,1596,486
4,Math,Grade 4,1487,1607,1613,486
4,Math,Grade 4,1523,1607,1596,486
4,Math,Grade 4,1375,1475,1562,486
4,Math,Grade 4,1497,1553,1587,486
4,Math,Grade 4,1487,1607,1574,486
4,Math,Grade 4,1458,1607,1613,486
4,Math,Grade 4,1545,1607,1641,486
4,Math,Grade 4,1418,1465,1562,486
4,Math,Grade 4,1592,1644,1651,486
4,Math,Grade 4,1530,1635,1613,486
4,Math,Grade 4,1530,1536,1574,486
4,Math,Grade 4,1575,1666,1690,487
4,Math,Grade 4,1552,1635,1641,487
4,Math,Grade 4,1545,1527,1571,487
4,Math,Grade 4,1538,1581,1542,487
4,Math,Grade 4,1426,1569,1536,487
4,Math,Grade 4,1501,1635,1596,487
4,Math,Grade 4,1538,1644,1631,487
4,Math,Grade 4,1538,1590,1622,487
4,Math,Grade 4,1552,1616,1631,487
4,Math,Grade 4,1474,1607,1571,487
4,Math,Grade 4,1530,1572,1631,487
4,Math,Grade 4,1560,1599,1587,487
4,Math,Grade 4,1560,1553,1622,487
4,Math,Grade 4,1480,1536,1562,487
4,Math,Grade 4,1509,1563,1571,487
4,Math,Grade 4,1552,1553,1604,487
4,Math,Grade 4,1523,1572,1550,487
4,Math,Grade 4,1545,1625,1574,487
4,Math,Grade 4,1489,1572,1622,487
4,Math,Grade 4,1518,1581,1604,487
4,Math,Grade 4,1545,1544,1571,487
4,Math,Grade 4,1583,1572,1562,487
4,Math,Grade 4,1524,1635,1596,487
4,Math,Grade 4,1516,1590,1596,487
4,Math,Grade 4,1501,1536,1558,487
4,Math,Grade 4,1575,1625,1604,487
4,Math,Grade 4,1523,1572,1587,487
4,Math,Grade 4,1509,1544,1574,487
4,Math,Grade 4,1567,1635,1631,487
4,Math,Grade 4,1435,1552,1604,487
4,Math,Grade 4,1489,1519,1509,487
4,Math,Grade 4,1538,1544,1622,487
4,Math,Grade 4,1481,1572,1622,487
4,Math,Grade 4,1538,1625,1622,487
4,Math,Grade 4,1526,1572,1596,487
4,Math,Grade 4,1497,1590,1571,487
4,Math,Grade 4,1552,1581,1596,487
4,Math,Grade 4,1538,1599,1631,487
4,Math,Grade 4,1540,1553,1579,487
4,Math,Grade 4,1516,1590,1579,487
4,Math,Grade 4,1569,1581,1592,488
4,Math,Grade 4,1516,1616,1604,488
4,Math,Grade 4,1523,1599,1651,488
4,Math,Grade 4,1526,1544,1566,488
4,Math,Grade 4,1513,1536,1587,488
4,Math,Grade 4,1538,1563,1613,488
4,Math,Grade 4,1567,1625,1587,488
4,Math,Grade 4,1502,1494,1482,488
4,Math,Grade 4,1530,1572,1574,488
4,Math,Grade 4,1545,1625,1604,488
4,Math,Grade 4,1545,1563,1587,488
4,Math,Grade 4,1538,1563,1571,488
4,Math,Grade 4,1533,1599,1517,488
4,Math,Grade 4,1533,1579,1651,488
4,Math,Grade 4,1587,1655,1675,488
4,Math,Grade 4,1426,1485,1491,488
4,Math,Grade 4,1502,1625,1571,488
4,Math,Grade 4,1560,1536,1550,488
4,Math,Grade 4,1458,1563,1613,488
4,Math,Grade 4,1505,1563,1613,488
4,Math,Grade 4,1523,1599,1631,488
4,Math,Grade 4,1545,1599,1631,488
4,Math,Grade 4,1601,1691,1651,488
4,Math,Grade 4,1523,1599,1613,488
4,Math,Grade 4,1552,1590,1631,488
4,Math,Grade 4,1578,1607,1562,488
4,Math,Grade 4,1480,1599,1571,488
4,Math,Grade 4,1494,1527,1542,488
4,Math,Grade 4,1518,1616,1604,488
4,Math,Grade 4,1523,1581,1554,489
4,Math,Grade 4,1538,1572,1579,489
4,Math,Grade 4,1509,1572,1769,489
4,Math,Grade 4,1516,1607,1662,489
4,Math,Grade 4,1497,1563,1542,489
4,Math,Grade 4,1523,1607,1579,489
4,Math,Grade 4,1545,1616,1613,489
4,Math,Grade 4,1523,1572,1587,489
4,Math,Grade 4,1530,1544,1579,489
4,Math,Grade 4,1494,1544,1534,489
4,Math,Grade 4,1505,1544,1596,489
4,Math,Grade 4,1516,1625,1651,489
4,Math,Grade 4,1545,1569,1613,489
4,Math,Grade 4,1530,1607,1604,489
4,Math,Grade 4,1418,1607,1550,489
4,Math,Grade 4,1486,1588,1596,489
4,Math,Grade 4,1530,1572,1651,489
4,Math,Grade 4,1458,1569,1622,489
4,Math,Grade 4,1509,1625,1587,489
4,Math,Grade 4,1458,1527,1571,489
4,Math,Grade 4,1501,1544,1542,489
4,Math,Grade 4,1516,1533,1554,489
4,Math,Grade 4,1516,1590,1571,489
4,Math,Grade 4,1509,1616,1596,489
4,Math,Grade 4,1516,1590,1566,489
4,Math,Grade 4,1560,1581,1574,489
4,Math,Grade 4,1501,1561,1631,489
4,Math,Grade 4,1526,1572,1587,489
4,Math,Grade 4,1509,1581,1525,489
4,Math,Grade 4,1552,1635,1604,490
4,Math,Grade 4,1517,1563,1587,490
4,Math,Grade 4,1509,1581,1587,490
4,Math,Grade 4,1545,1572,1566,490
4,Math,Grade 4,1530,1666,1622,490
4,Math,Grade 4,1614,1644,1641,490
4,Math,Grade 4,1517,1590,1574,490
4,Math,Grade 4,1509,1590,1596,490
4,Math,Grade 4,1552,1655,1613,490
4,Math,Grade 4,1552,1635,1596,490
4,Math,Grade 4,1516,1502,1587,490
4,Math,Grade 4,1545,1599,1641,490
4,Math,Grade 4,1523,1553,1641,490
4,Math,Grade 4,1549,1652,1604,490
4,Math,Grade 4,1538,1569,1571,490
4,Math,Grade 4,1474,1544,1596,490
4,Math,Grade 4,1530,1635,1579,490
4,Math,Grade 4,1472,1590,1579,490
4,Math,Grade 4,1505,1563,1613,490
4,Math,Grade 4,1523,1599,1596,490
4,Math,Grade 4,1538,1635,1604,490
4,Math,Grade 4,1538,1581,1604,490
4,Math,Grade 4,1497,1590,1571,490
4,Math,Grade 4,1509,1625,1604,490
4,Math,Grade 4,1487,1581,1562,490
4,Math,Grade 4,1472,1536,1545,491
4,Math,Grade 4,1489,1563,1558,491
4,Math,Grade 4,1501,1552,1579,491
4,Math,Grade 4,1545,1616,1622,491
4,Math,Grade 4,1517,1561,1604,491
4,Math,Grade 4,1545,1607,1641,491
4,Math,Grade 4,1538,1563,1579,491
4,Math,Grade 4,1487,1590,1571,491
4,Math,Grade 4,1501,1581,1579,491
4,Math,Grade 4,1466,1544,1562,491
4,Math,Grade 4,1560,1691,1596,491
4,Math,Grade 4,1517,1581,1604,491
4,Math,Grade 4,1552,1544,1587,491
4,Math,Grade 4,1497,1544,1534,491
4,Math,Grade 4,1501,1544,1596,491
4,Math,Grade 4,1489,1581,1571,491
4,Math,Grade 4,1523,1544,1562,491
4,Math,Grade 4,1530,1581,1550,491
4,Math,Grade 4,1538,1590,1587,491
4,Math,Grade 4,1530,1599,1707,491
4,Math,Grade 4,1497,1635,1631,491
4,Math,Grade 4,1523,1599,1662,491
4,Math,Grade 4,1560,1616,1622,491
4,Math,Grade 4,1560,1666,1641,491
4,Math,Grade 4,1501,1544,1622,492
4,Math,Grade 4,1494,1553,1536,492
4,Math,Grade 4,1530,1553,1604,492
4,Math,Grade 4,1538,1572,1604,492
4,Math,Grade 4,1489,1572,1579,492
4,Math,Grade 4,1552,1590,1641,492
4,Math,Grade 4,1545,1644,1651,492
4,Math,Grade 4,1545,1581,1604,492
4,Math,Grade 4,1575,1607,1622,492
4,Math,Grade 4,1523,1569,1562,492
4,Math,Grade 4,1538,1599,1554,492
4,Math,Grade 4,1538,1572,1596,492
4,Math,Grade 4,1530,1616,1604,492
4,Math,Grade 4,1517,1552,1562,492
4,Math,Grade 4,1516,1563,1571,492
4,Math,Grade 4,1583,1691,1675,492
4,Math,Grade 4,1545,1607,1613,492
4,Math,Grade 4,1567,1644,1622,492
4,Math,Grade 4,1494,1527,1631,492
4,Math,Grade 4,1523,1553,1562,492
4,Math,Grade 4,1538,1706,1662,492
4,Math,Grade 4,1530,1625,1631,492
4,Math,Grade 4,1530,1590,1536,492
4,Math,Grade 4,1552,1581,1558,492
4,Math,Grade 4,1538,1590,1613,492
4,Math,Grade 4,1560,1607,1604,492
4,Math,Grade 4,1530,1544,1587,492
4,Math,Grade 4,1523,1523,1579,492
4,Math,Grade 4,1552,1635,1651,492
4,Math,Grade 4,1538,1616,1690,492
4,Math,Grade 4,1449,1494,1604,493
4,Math,Grade 4,1560,1572,1622,493
4,Math,Grade 4,1552,1635,1554,493
4,Math,Grade 4,1575,1616,1641,493
4,Math,Grade 4,1575,1635,1622,493
4,Math,Grade 4,1451,1408,1554,493
4,Math,Grade 4,1494,1581,1579,493
4,Math,Grade 4,1517,1599,1579,493
4,Math,Grade 4,1538,1581,1587,493
4,Math,Grade 4,1530,1581,1571,493
4,Math,Grade 4,1481,1553,1558,493
4,Math,Grade 4,1552,1644,1604,493
4,Math,Grade 4,1511,1563,1604,493
4,Math,Grade 4,1614,1590,1631,493
4,Math,Grade 4,1538,1581,1579,493
4,Math,Grade 4,1552,1625,1613,493
4,Math,Grade 4,1545,1625,1596,493
4,Math,Grade 4,1494,1607,1587,493
4,Math,Grade 4,1523,1544,1596,493
4,Math,Grade 4,1526,1569,1583,493
4,Math,Grade 4,1592,1616,1613,493
4,Math,Grade 4,1523,1599,1604,493
4,Math,Grade 4,1605,1655,1675,493
4,Math,Grade 4,1502,1572,1587,493
4,Math,Grade 4,1545,1607,1571,493
4,Math,Grade 4,1538,1536,1613,493
4,Math,Grade 4,1481,1563,1596,494
4,Math,Grade 4,1567,1616,1622,494
4,Math,Grade 4,1545,1616,1571,494
4,Math,Grade 4,1552,1607,1604,494
4,Math,Grade 4,1567,1655,1675,494
4,Math,Grade 4,1501,1625,1571,494
4,Math,Grade 4,1538,1635,1579,494
4,Math,Grade 4,1596,1616,1641,494
4,Math,Grade 4,1545,1635,1622,494
4,Math,Grade 4,1552,1572,1596,494
4,Math,Grade 4,1545,1625,1622,494
4,Math,Grade 4,1458,1572,1613,494
4,Math,Grade 4,1458,1572,1542,494
4,Math,Grade 4,1545,1536,1596,494
4,Math,Grade 4,1501,1572,1545,494
4,Math,Grade 4,1545,1581,1571,494
4,Math,Grade 4,1501,1572,1579,494
4,Math,Grade 4,1516,1607,1596,494
4,Math,Grade 4,1575,1666,1690,494
4,Math,Grade 4,1530,1599,1651,494
4,Math,Grade 4,1575,1599,1554,494
4,Math,Grade 4,1497,1552,1596,494
4,Math,Grade 4,1601,1625,1675,494
4,Math,Grade 4,1538,1590,1596,494
4,Math,Grade 4,1545,1590,1622,495
4,Math,Grade 4,1567,1635,1662,495
4,Math,Grade 4,1509,1544,1596,495
4,Math,Grade 4,1578,1691,1622,495
4,Math,Grade 4,1552,1616,1579,495
4,Math,Grade 4,1583,1635,1631,495
4,Math,Grade 4,1502,1599,1587,495
4,Math,Grade 4,1516,1553,1622,495
4,Math,Grade 4,1538,1544,1587,495
4,Math,Grade 4,1567,1581,1554,495
4,Math,Grade 4,1538,1590,1571,495
4,Math,Grade 4,1552,1544,1651,495
4,Math,Grade 4,1457,1544,1587,495
4,Math,Grade 4,1489,1581,1604,495
4,Math,Grade 4,1560,1625,1622,495
4,Math,Grade 4,1518,1563,1525,495
4,Math,Grade 4,1501,1544,1587,495
4,Math,Grade 4,1509,1569,1558,495
4,Math,Grade 4,1487,1599,1571,495
4,Math,Grade 4,1560,1625,1631,495
4,Math,Grade 4,1482,1581,1566,496
4,Math,Grade 4,1545,1599,1574,496
4,Math,Grade 4,1509,1572,1562,496
4,Math,Grade 4,1494,1590,1596,496
4,Math,Grade 4,1494,1590,1604,496
4,Math,Grade 4,1502,1544,1662,496
4,Math,Grade 4,1526,1616,1641,496
4,Math,Grade 4,1523,1599,1631,496
4,Math,Grade 4,1538,1581,1571,496
4,Math,Grade 4,1523,1599,1596,496
4,Math,Grade 4,1560,1625,1613,496
4,Math,Grade 4,1530,1581,1604,496
4,Math,Grade 4,1518,1536,1558,496
4,Math,Grade 4,1552,1599,1587,496
4,Math,Grade 4,1538,1569,1604,496
4,Math,Grade 4,1538,1581,1587,496
4,Math,Grade 4,1560,1581,1558,496
4,Math,Grade 4,1611,1625,1550,496
4,Math,Grade 4,1538,1625,1622,496
4,Math,Grade 4,1545,1644,1662,496
4,Math,Grade 4,1552,1655,1641,496
4,Math,Grade 4,1523,1553,1651,496
4,Math,Grade 4,1567,1666,1662,496
4,Math,Grade 4,1538,1616,1641,496
4,Math,Grade 4,1552,1607,1596,496
4,Math,Grade 4,1592,1616,1631,497
4,Math,Grade 4,1532,1599,1613,497
4,Math,Grade 4,1545,1553,1587,497
4,Math,Grade 4,1516,1572,1596,497
4,Math,Grade 4,1516,1563,1525,497
4,Math,Grade 4,1538,1625,1613,497
4,Math,Grade 4,1545,1581,1566,497
4,Math,Grade 4,1502,1599,1596,497
4,Math,Grade 4,1552,1644,1622,497
4,Math,Grade 4,1530,1590,1641,497
4,Math,Grade 4,1575,1590,1604,497
4,Math,Grade 4,1530,1536,1542,497
4,Math,Grade 4,1523,1607,1613,497
4,Math,Grade 4,1567,1644,1631,497
4,Math,Grade 4,1458,1527,1587,497
4,Math,Grade 4,1489,1561,1579,497
4,Math,Grade 4,1560,1625,1641,497
4,Math,Grade 4,1538,1607,1574,497
4,Math,Grade 4,1530,1616,1596,497
4,Math,Grade 4,1523,1581,1534,497
4,Math,Grade 4,1552,1625,1596,498
4,Math,Grade 4,1509,1616,1622,498
4,Math,Grade 4,1583,1655,1662,498
4,Math,Grade 4,1516,1572,1571,498
4,Math,Grade 4,1502,1599,1579,498
4,Math,Grade 4,1523,1590,1604,498
4,Math,Grade 4,1560,1625,1613,498
4,Math,Grade 4,1560,1599,1571,498
4,Math,Grade 4,1523,1590,1662,498
4,Math,Grade 4,1560,1644,1596,498
4,Math,Grade 4,1575,1544,1571,498
4,Math,Grade 4,1497,1553,1562,498
4,Math,Grade 4,1552,1655,1641,498
4,Math,Grade 4,1623,1691,1651,498
4,Math,Grade 4,1533,1644,1662,498
4,Math,Grade 4,1567,1655,1690,498
4,Math,Grade 4,1583,1616,1641,498
4,Math,Grade 4,1601,1607,1613,498
4,Math,Grade 4,1516,1666,1604,498
4,Math,Grade 4,1552,1581,1690,498
4,Math,Grade 4,1458,1625,1651,498
4,Math,Grade 4,1530,1590,1534,498
4,Math,Grade 4,1575,1635,1641,498
4,Math,Grade 4,1575,1655,1631,498
4,Math,Grade 4,1567,1644,1613,498
4,Math,Grade 4,1601,1607,1596,498
4,Math,Grade 4,1567,1616,1675,498
4,Math,Grade 4,1538,1616,1579,499
4,Math,Grade 4,1567,1666,1641,499
4,Math,Grade 4,1516,1536,1587,499
4,Math,Grade 4,1523,1533,1571,499
4,Math,Grade 4,1592,1590,1571,499
4,Math,Grade 4,1545,1563,1604,499
4,Math,Grade 4,1523,1572,1579,499
4,Math,Grade 4,1509,1563,1558,499
4,Math,Grade 4,1575,1644,1662,499
4,Math,Grade 4,1487,1527,1562,499
4,Math,Grade 4,1466,1544,1613,499
4,Math,Grade 4,1567,1581,1604,499
4,Math,Grade 4,1552,1561,1579,499
4,Math,Grade 4,1530,1625,1596,499
4,Math,Grade 4,1560,1607,1631,499
4,Math,Grade 4,1538,1607,1596,499
4,Math,Grade 4,1567,1581,1622,499
4,Math,Grade 4,1494,1581,1554,499
4,Math,Grade 4,1497,1572,1536,499
4,Math,Grade 4,1538,1607,1587,499
4,Math,Grade 4,1538,1607,1622,499
4,Math,Grade 4,1545,1666,1571,499
4,Math,Grade 4,1494,1607,1631,499
4,Math,Grade 4,1497,1536,1574,499
4,Math,Grade 4,1505,1625,1613,499
4,Math,Grade 4,1560,1655,1622,499
4,Math,Grade 4,1560,1666,1641,500
4,Math,Grade 4,1583,1644,1596,500
4,Math,Grade 4,1545,1599,1550,500
4,Math,Grade 4,1545,1655,1587,500
4,Math,Grade 4,1538,1599,1562,500
4,Math,Grade 4,1545,1607,1613,500
4,Math,Grade 4,1516,1625,1579,500
4,Math,Grade 4,1545,1607,1604,500
4,Math,Grade 4,1567,1644,1604,500
4,Math,Grade 4,1538,1563,1579,500
4,Math,Grade 4,1516,1607,1622,500
4,Math,Grade 4,1518,1677,1631,500
4,Math,Grade 4,1569,1625,1604,500
4,Math,Grade 4,1523,1616,1631,500
4,Math,Grade 4,1516,1616,1592,500
4,Math,Grade 4,1545,1655,1622,500
4,Math,Grade 4,1560,1655,1641,500
4,Math,Grade 4,1516,1599,1562,500
4,Math,Grade 4,1538,1625,1675,500
4,Math,Grade 4,1545,1544,1574,500
4,Math,Grade 4,1583,1563,1690,500
4,Math,Grade 4,1552,1581,1566,500
4,Math,Grade 4,1538,1625,1596,500
4,Math,Grade 4,1511,1644,1613,501
4,Math,Grade 4,1583,1666,1604,501
4,Math,Grade 4,1509,1581,1554,501
4,Math,Grade 4,1487,1599,1558,501
4,Math,Grade 4,1494,1590,1550,501
4,Math,Grade 4,1505,1625,1613,501
4,Math,Grade 4,1575,1625,1571,501
4,Math,Grade 4,1575,1625,1622,501
4,Math,Grade 4,1538,1581,1571,501
4,Math,Grade 4,1538,1544,1571,501
4,Math,Grade 4,1538,1599,1554,501
4,Math,Grade 4,1530,1581,1641,501
4,Math,Grade 4,1560,1544,1587,501
4,Math,Grade 4,1523,1563,1571,501
4,Math,Grade 4,1533,1635,1554,501
4,Math,Grade 4,1567,1706,1690,501
4,Math,Grade 4,1480,1561,1587,501
4,Math,Grade 4,1596,1607,1613,501
4,Math,Grade 4,1596,1553,1631,501
4,Math,Grade 4,1538,1607,1604,501
4,Math,Grade 4,1560,1599,1571,501
4,Math,Grade 4,1509,1581,1596,501
4,Math,Grade 4,1504,1572,1596,502
4,Math,Grade 4,1545,1625,1641,502
4,Math,Grade 4,1523,1635,1562,502
4,Math,Grade 4,1560,1616,1631,502
4,Math,Grade 4,1502,1552,1613,502
4,Math,Grade 4,1530,1572,1631,502
4,Math,Grade 4,1518,1625,1613,502
4,Math,Grade 4,1465,1544,1579,502
4,Math,Grade 4,1552,1625,1587,502
4,Math,Grade 4,1575,1655,1662,502
4,Math,Grade 4,1552,1644,1613,502
4,Math,Grade 4,1530,1590,1571,502
4,Math,Grade 4,1516,1590,1525,502
4,Math,Grade 4,1497,1599,1545,502
4,Math,Grade 4,1516,1635,1707,502
4,Math,Grade 4,1501,1691,1596,502
4,Math,Grade 4,1575,1581,1562,502
4,Math,Grade 4,1614,1607,1690,502
4,Math,Grade 4,1538,1644,1622,502
4,Math,Grade 4,1560,1607,1631,502
4,Math,Grade 4,1545,1691,1651,502
4,Math,Grade 4,1583,1607,1622,502
4,Math,Grade 4,1494,1644,1604,502
4,Math,Grade 4,1592,1625,1622,502
4,Math,Grade 4,1578,1607,1545,502
4,Math,Grade 4,1552,1563,1571,502
4,Math,Grade 4,1523,1536,1592,502
4,Math,Grade 4,1509,1563,1579,503
4,Math,Grade 4,1567,1616,1613,503
4,Math,Grade 4,1538,1581,1587,503
4,Math,Grade 4,1560,1616,1604,503
4,Math,Grade 4,1552,1581,1604,503
4,Math,Grade 4,1545,1581,1571,503
4,Math,Grade 4,1567,1572,1596,503
4,Math,Grade 4,1530,1607,1596,503
4,Math,Grade 4,1567,1590,1583,503
4,Math,Grade 4,1472,1563,1571,503
4,Math,Grade 4,1505,1581,1613,503
4,Math,Grade 4,1538,1590,1562,503
4,Math,Grade 4,1632,1691,1651,503
4,Math,Grade 4,1530,1553,1596,503
4,Math,Grade 4,1545,1607,1622,503
4,Math,Grade 4,1523,1616,1571,503
4,Math,Grade 4,1545,1625,1622,503
4,Math,Grade 4,1494,1563,1587,503
4,Math,Grade 4,1583,1655,1690,503
4,Math,Grade 4,1530,1553,1562,503
4,Math,Grade 4,1567,1616,1562,503
4,Math,Grade 4,1552,1644,1641,503
4,Math,Grade 4,1583,1625,1651,504
4,Math,Grade 4,1497,1590,1596,504
4,Math,Grade 4,1545,1635,1613,504
4,Math,Grade 4,1596,1644,1662,504
4,Math,Grade 4,1552,1625,1641,504
4,Math,Grade 4,1538,1590,1622,504
4,Math,Grade 4,1538,1607,1631,504
4,Math,Grade 4,1552,1581,1587,504
4,Math,Grade 4,1552,1581,1651,504
4,Math,Grade 4,1505,1553,1613,504
4,Math,Grade 4,1575,1655,1579,504
4,Math,Grade 4,1583,1616,1675,504
4,Math,Grade 4,1567,1563,1579,504
4,Math,Grade 4,1545,1590,1613,504
4,Math,Grade 4,1552,1552,1554,504
4,Math,Grade 4,1545,1655,1631,504
4,Math,Grade 4,1530,1644,1622,504
4,Math,Grade 4,1533,1590,1562,504
4,Math,Grade 4,1538,1572,1566,504
4,Math,Grade 4,1509,1607,1545,504
4,Math,Grade 4,1578,1536,1545,504
4,Math,Grade 4,1538,1635,1631,504
4,Math,Grade 4,1505,1581,1613,504
4,Math,Grade 4,1530,1599,1571,504
4,Math,Grade 4,1509,1635,1587,504
4,Math,Grade 4,1494,1590,1613,504
4,Math,Grade 4,1526,1569,1550,504
4,Math,Grade 4,1545,1552,1517,504
4,Math,Grade 4,1497,1644,1613,505
4,Math,Grade 4,1560,1607,1651,505
4,Math,Grade 4,1552,1581,1579,505
4,Math,Grade 4,1583,1616,1587,505
4,Math,Grade 4,1575,1599,1587,505
4,Math,Grade 4,1533,1607,1579,505
4,Math,Grade 4,1688,1748,1675,505
4,Math,Grade 4,1583,1635,1596,505
4,Math,Grade 4,1523,1590,1587,505
4,Math,Grade 4,1545,1625,1604,505
4,Math,Grade 4,1575,1590,1604,505
4,Math,Grade 4,1560,1635,1604,505
4,Math,Grade 4,1516,1644,1587,505
4,Math,Grade 4,1560,1581,1622,505
4,Math,Grade 4,1560,1616,1622,505
4,Math,Grade 4,1575,1590,1622,505
4,Math,Grade 4,1552,1607,1622,505
4,Math,Grade 4,1487,1519,1587,505
4,Math,Grade 4,1538,1677,1675,505
4,Math,Grade 4,1538,1616,1622,505
4,Math,Grade 4,1560,1616,1604,505
4,Math,Grade 4,1538,1655,1622,505
4,Math,Grade 4,1702,1831,1731,505
4,Math,Grade 4,1518,1599,1571,505
4,Math,Grade 4,1552,1607,1651,505
4,Math,Grade 4,1545,1625,1631,505
4,Math,Grade 4,1489,1607,1622,505
4,Math,Grade 4,1530,1635,1690,505
4,Math,Grade 4,1474,1572,1587,505
4,Math,Grade 4,1623,1748,1707,505
4,Math,Grade 4,1592,1644,1631,505
4,Math,Grade 4,1583,1616,1596,505
4,Math,Grade 4,1583,1616,1769,505
4,Math,Grade 4,1552,1599,1641,505
4,Math,Grade 4,1552,1607,1662,505
4,Math,Grade 4,1545,1599,1641,505
4,Math,Grade 4,1502,1616,1613,506
4,Math,Grade 4,1567,1644,1631,506
4,Math,Grade 4,1575,1644,1675,506
4,Math,Grade 4,1516,1572,1579,506
4,Math,Grade 4,1567,1599,1613,506
4,Math,Grade 4,1567,1572,1571,506
4,Math,Grade 4,1530,1625,1631,506
4,Math,Grade 4,1502,1644,1613,506
4,Math,Grade 4,1480,1644,1622,506
4,Math,Grade 4,1494,1581,1596,506
4,Math,Grade 4,1567,1644,1604,506
4,Math,Grade 4,1538,1644,1651,506
4,Math,Grade 4,1538,1599,1662,506
4,Math,Grade 4,1560,1625,1622,506
4,Math,Grade 4,1451,1485,1509,506
4,Math,Grade 4,1545,1581,1579,506
4,Math,Grade 4,1601,1625,1641,506
4,Math,Grade 4,1494,1561,1831,506
4,Math,Grade 4,1505,1599,1769,506
4,Math,Grade 4,1567,1607,1613,506
4,Math,Grade 4,1560,1635,1579,506
4,Math,Grade 4,1552,1563,1613,506
4,Math,Grade 4,1526,1625,1604,506
4,Math,Grade 4,1538,1644,1641,506
4,Math,Grade 4,1538,1599,1631,506
4,Math,Grade 4,1509,1644,1675,507
4,Math,Grade 4,1552,1616,1631,507
4,Math,Grade 4,1611,1677,1675,507
4,Math,Grade 4,1575,1655,1641,507
4,Math,Grade 4,1575,1607,1596,507
4,Math,Grade 4,1601,1655,1641,507
4,Math,Grade 4,1596,1616,1622,507
4,Math,Grade 4,1552,1706,1641,507
4,Math,Grade 4,1489,1590,1604,507
4,Math,Grade 4,1530,1599,1651,507
4,Math,Grade 4,1538,1581,1587,507
4,Math,Grade 4,1516,1607,1571,507
4,Math,Grade 4,1494,1563,1604,507
4,Math,Grade 4,1523,1625,1622,507
4,Math,Grade 4,1575,1666,1675,507
4,Math,Grade 4,1552,1572,1579,507
4,Math,Grade 4,1552,1666,1641,507
4,Math,Grade 4,1552,1561,1571,507
4,Math,Grade 4,1509,1616,1596,507
4,Math,Grade 4,1545,1625,1662,507
4,Math,Grade 4,1501,1590,1596,507
4,Math,Grade 4,1530,1572,1587,507
4,Math,Grade 4,1530,1599,1613,507
4,Math,Grade 4,1545,1625,1587,507
4,Math,Grade 4,1560,1677,1690,507
4,Math,Grade 4,1505,1625,1662,507
4,Math,Grade 4,1552,1616,1587,507
4,Math,Grade 4,1538,1635,1631,507
4,Math,Grade 4,1560,1572,1613,508
4,Math,Grade 4,1578,1666,1596,508
4,Math,Grade 4,1523,1616,1631,508
4,Math,Grade 4,1552,1644,1631,508
4,Math,Grade 4,1538,1644,1579,508
4,Math,Grade 4,1516,1581,1550,508
4,Math,Grade 4,1487,1552,1604,508
4,Math,Grade 4,1567,1590,1587,508
4,Math,Grade 4,1545,1625,1596,508
4,Math,Grade 4,1552,1590,1587,508
4,Math,Grade 4,1523,1581,1613,508
4,Math,Grade 4,1516,1625,1622,508
4,Math,Grade 4,1516,1635,1651,508
4,Math,Grade 4,1523,1561,1587,508
4,Math,Grade 4,1443,1475,1509,508
4,Math,Grade 4,1530,1607,1587,508
4,Math,Grade 4,1538,1590,1602,508
4,Math,Grade 4,1592,1616,1662,508
4,Math,Grade 4,1552,1635,1690,508
4,Math,Grade 4,1458,1544,1631,508
4,Math,Grade 4,1567,1677,1662,508
4,Math,Grade 4,1552,1616,1631,508
4,Math,Grade 4,1538,1590,1596,509
4,Math,Grade 4,1502,1536,1517,509
4,Math,Grade 4,1523,1625,1604,509
4,Math,Grade 4,1494,1590,1596,509
4,Math,Grade 4,1465,1596,1604,509
4,Math,Grade 4,1538,1644,1641,509
4,Math,Grade 4,1552,1691,1613,509
4,Math,Grade 4,1545,1635,1587,509
4,Math,Grade 4,1575,1607,1641,509
4,Math,Grade 4,1567,1599,1631,509
4,Math,Grade 4,1560,1616,1554,509
4,Math,Grade 4,1497,1544,1596,509
4,Math,Grade 4,1505,1644,1596,509
4,Math,Grade 4,1530,1599,1587,509
4,Math,Grade 4,1583,1706,1675,509
4,Math,Grade 4,1538,1581,1583,509
4,Math,Grade 4,1560,1607,1604,509
4,Math,Grade 4,1575,1644,1641,509
4,Math,Grade 4,1552,1655,1613,509
4,Math,Grade 4,1587,1635,1622,509
4,Math,Grade 4,1575,1644,1690,510
4,Math,Grade 4,1583,1607,1641,510
4,Math,Grade 4,1545,1616,1545,510
4,Math,Grade 4,1611,1644,1707,510
4,Math,Grade 4,1545,1644,1613,510
4,Math,Grade 4,1587,1655,1690,510
4,Math,Grade 4,1560,1607,1604,510
4,Math,Grade 4,1560,1599,1604,510
4,Math,Grade 4,1611,1635,1622,510
4,Math,Grade 4,1567,1616,1622,510
4,Math,Grade 4,1632,1691,1622,510
4,Math,Grade 4,1538,1563,1571,510
4,Math,Grade 4,1592,1666,1690,510
4,Math,Grade 4,1518,1616,1596,510
4,Math,Grade 4,1530,1677,1707,510
4,Math,Grade 4,1474,1519,1596,510
4,Math,Grade 4,1517,1599,1596,510
4,Math,Grade 4,1583,1677,1631,510
4,Math,Grade 4,1552,1691,1662,511
4,Math,Grade 4,1523,1588,1613,511
4,Math,Grade 4,1560,1635,1675,511
4,Math,Grade 4,1652,1724,1731,511
4,Math,Grade 4,1530,1655,1631,511
4,Math,Grade 4,1523,1655,1587,511
4,Math,Grade 4,1567,1581,1587,511
4,Math,Grade 4,1583,1655,1651,511
4,Math,Grade 4,1523,1572,1542,511
4,Math,Grade 4,1552,1563,1641,511
4,Math,Grade 4,1511,1494,1542,511
4,Math,Grade 4,1560,1677,1662,511
4,Math,Grade 4,1540,1625,1641,511
4,Math,Grade 4,1545,1625,1641,511
4,Math,Grade 4,1538,1616,1596,511
4,Math,Grade 4,1601,1655,1707,511
4,Math,Grade 4,1530,1655,1622,511
4,Math,Grade 4,1489,1527,1613,511
4,Math,Grade 4,1575,1607,1675,511
4,Math,Grade 4,1560,1572,1596,511
4,Math,Grade 4,1583,1666,1675,511
4,Math,Grade 4,1530,1644,1604,511
4,Math,Grade 4,1552,1655,1675,511
4,Math,Grade 4,1538,1625,1596,511
4,Math,Grade 4,1530,1625,1579,511
4,Math,Grade 4,1523,1607,1587,511
4,Math,Grade 4,1545,1561,1651,511
4,Math,Grade 4,1592,1644,1690,511
4,Math,Grade 4,1516,1572,1562,511
4,Math,Grade 4,1552,1635,1631,512
4,Math,Grade 4,1623,1706,1662,512
4,Math,Grade 4,1545,1544,1550,512
4,Math,Grade 4,1545,1666,1631,512
4,Math,Grade 4,1545,1607,1690,512
4,Math,Grade 4,1575,1655,1690,512
4,Math,Grade 4,1545,1625,1631,512
4,Math,Grade 4,1533,1561,1604,512
4,Math,Grade 4,1538,1625,1651,512
4,Math,Grade 4,1538,1644,1622,512
4,Math,Grade 4,1509,1599,1604,512
4,Math,Grade 4,1516,1590,1604,512
4,Math,Grade 4,1567,1599,1631,512
4,Math,Grade 4,1523,1561,1550,512
4,Math,Grade 4,1509,1599,1631,512
4,Math,Grade 4,1480,1599,1579,512
4,Math,Grade 4,1530,1590,1596,512
4,Math,Grade 4,1530,1666,1631,512
4,Math,Grade 4,1523,1599,1641,512
4,Math,Grade 4,1567,1666,1662,513
4,Math,Grade 4,1575,1666,1631,513
4,Math,Grade 4,1560,1599,1592,513
4,Math,Grade 4,1552,1625,1596,513
4,Math,Grade 4,1538,1581,1579,513
4,Math,Grade 4,1575,1590,1631,513
4,Math,Grade 4,1545,1691,1651,513
4,Math,Grade 4,1552,1677,1651,513
4,Math,Grade 4,1538,1616,1596,513
4,Math,Grade 4,1540,1691,1641,513
4,Math,Grade 4,1474,1616,1641,513
4,Math,Grade 4,1538,1607,1596,513
4,Math,Grade 4,1560,1607,1651,513
4,Math,Grade 4,1560,1599,1613,514
4,Math,Grade 4,1575,1691,1651,514
4,Math,Grade 4,1552,1599,1622,514
4,Math,Grade 4,1583,1655,1641,514
4,Math,Grade 4,1614,1616,1622,514
4,Math,Grade 4,1530,1625,1641,514
4,Math,Grade 4,1583,1625,1675,514
4,Math,Grade 4,1523,1581,1662,514
4,Math,Grade 4,1560,1599,1641,514
4,Math,Grade 4,1545,1706,1675,514
4,Math,Grade 4,1567,1644,1675,514
4,Math,Grade 4,1560,1644,1596,514
4,Math,Grade 4,1552,1644,1587,515
4,Math,Grade 4,1552,1616,1613,515
4,Math,Grade 4,1487,1616,1571,515
4,Math,Grade 4,1518,1590,1583,515
4,Math,Grade 4,1567,1691,1622,515
4,Math,Grade 4,1560,1599,1622,515
4,Math,Grade 4,1575,1677,1641,515
4,Math,Grade 4,1567,1616,1631,515
4,Math,Grade 4,1560,1599,1604,515
4,Math,Grade 4,1526,1599,1596,515
4,Math,Grade 4,1560,1625,1641,515
4,Math,Grade 4,1509,1599,1583,515
4,Math,Grade 4,1592,1677,1675,515
4,Math,Grade 4,1632,1655,1675,515
4,Math,Grade 4,1560,1635,1631,515
4,Math,Grade 4,1575,1635,1690,515
4,Math,Grade 4,1552,1706,1690,515
4,Math,Grade 4,1517,1625,1641,515
4,Math,Grade 4,1632,1655,1675,515
4,Math,Grade 4,1560,1644,1662,515
4,Math,Grade 4,1567,1616,1641,515
4,Math,Grade 4,1605,1706,1651,515
4,Math,Grade 4,1623,1635,1622,515
4,Math,Grade 4,1523,1644,1631,515
4,Math,Grade 4,1560,1607,1604,515
4,Math,Grade 4,1567,1635,1613,515
4,Math,Grade 4,1538,1616,1631,515
4,Math,Grade 4,1575,1635,1613,515
4,Math,Grade 4,1524,1666,1613,516
4,Math,Grade 4,1501,1569,1517,516
4,Math,Grade 4,1560,1599,1613,516
4,Math,Grade 4,1502,1625,1631,516
4,Math,Grade 4,1575,1607,1641,516
4,Math,Grade 4,1523,1599,1613,516
4,Math,Grade 4,1578,1644,1622,516
4,Math,Grade 4,1501,1635,1579,516
4,Math,Grade 4,1545,1625,1596,516
4,Math,Grade 4,1552,1666,1604,516
4,Math,Grade 4,1501,1581,1562,516
4,Math,Grade 4,1552,1625,1579,516
4,Math,Grade 4,1560,1625,1631,516
4,Math,Grade 4,1545,1625,1604,516
4,Math,Grade 4,1516,1666,1675,516
4,Math,Grade 4,1567,1677,1651,516
4,Math,Grade 4,1575,1625,1604,516
4,Math,Grade 4,1494,1616,1536,516
4,Math,Grade 4,1583,1625,1631,517
4,Math,Grade 4,1560,1644,1631,517
4,Math,Grade 4,1552,1599,1631,517
4,Math,Grade 4,1560,1607,1613,517
4,Math,Grade 4,1601,1581,1604,517
4,Math,Grade 4,1601,1644,1641,517
4,Math,Grade 4,1497,1581,1641,517
4,Math,Grade 4,1583,1691,1675,517
4,Math,Grade 4,1530,1635,1651,517
4,Math,Grade 4,1545,1625,1613,517
4,Math,Grade 4,1552,1635,1651,517
4,Math,Grade 4,1545,1590,1613,517
4,Math,Grade 4,1601,1677,1641,517
4,Math,Grade 4,1567,1644,1651,517
4,Math,Grade 4,1530,1625,1596,517
4,Math,Grade 4,1545,1588,1622,517
4,Math,Grade 4,1560,1616,1604,518
4,Math,Grade 4,1523,1599,1571,518
4,Math,Grade 4,1516,1581,1604,518
4,Math,Grade 4,1601,1607,1622,518
4,Math,Grade 4,1545,1625,1622,518
4,Math,Grade 4,1497,1607,1596,518
4,Math,Grade 4,1457,1616,1604,518
4,Math,Grade 4,1552,1655,1613,518
4,Math,Grade 4,1560,1635,1631,518
4,Math,Grade 4,1545,1644,1613,518
4,Math,Grade 4,1538,1616,1690,518
4,Math,Grade 4,1552,1581,1613,518
4,Math,Grade 4,1480,1590,1596,518
4,Math,Grade 4,1545,1581,1587,518
4,Math,Grade 4,1538,1590,1571,519
4,Math,Grade 4,1545,1644,1587,519
4,Math,Grade 4,1560,1644,1604,519
4,Math,Grade 4,1567,1590,1571,519
4,Math,Grade 4,1502,1581,1631,519
4,Math,Grade 4,1583,1724,1731,519
4,Math,Grade 4,1596,1677,1651,519
4,Math,Grade 4,1596,1607,1604,519
4,Math,Grade 4,1497,1581,1558,519
4,Math,Grade 4,1545,1616,1587,519
4,Math,Grade 4,1509,1616,1534,519
4,Math,Grade 4,1575,1635,1579,519
4,Math,Grade 4,1567,1644,1651,519
4,Math,Grade 4,1538,1607,1631,520
4,Math,Grade 4,1545,1616,1587,520
4,Math,Grade 4,1538,1563,1579,520
4,Math,Grade 4,1567,1677,1651,520
4,Math,Grade 4,1560,1644,1662,520
4,Math,Grade 4,1443,1502,1517,520
4,Math,Grade 4,1530,1599,1651,520
4,Math,Grade 4,1575,1635,1604,520
4,Math,Grade 4,1545,1635,1622,520
4,Math,Grade 4,1545,1677,1622,520
4,Math,Grade 4,1533,1579,1690,520
4,Math,Grade 4,1601,1666,1641,520
4,Math,Grade 4,1545,1677,1641,521
4,Math,Grade 4,1567,1655,1651,521
4,Math,Grade 4,1583,1635,1596,521
4,Math,Grade 4,1552,1677,1731,521
4,Math,Grade 4,1642,1691,1690,521
4,Math,Grade 4,1526,1607,1596,521
4,Math,Grade 4,1538,1607,1587,521
4,Math,Grade 4,1545,1581,1631,521
4,Math,Grade 4,1560,1635,1662,521
4,Math,Grade 4,1494,1625,1550,521
4,Math,Grade 4,1575,1666,1622,521
4,Math,Grade 4,1509,1599,1613,521
4,Math,Grade 4,1523,1572,1596,521
4,Math,Grade 4,1523,1616,1651,521
4,Math,Grade 4,1567,1607,1641,521
4,Math,Grade 4,1516,1635,1641,522
4,Math,Grade 4,1642,1706,1675,522
4,Math,Grade 4,1592,1677,1631,522
4,Math,Grade 4,1552,1581,1604,522
4,Math,Grade 4,1516,1581,1631,522
4,Math,Grade 4,1530,1644,1631,522
4,Math,Grade 4,1567,1655,1613,522
4,Math,Grade 4,1489,1625,1651,522
4,Math,Grade 4,1575,1677,1641,522
4,Math,Grade 4,1575,1616,1613,522
4,Math,Grade 4,1614,1706,1690,523
4,Math,Grade 4,1552,1644,1641,523
4,Math,Grade 4,1560,1655,1690,523
4,Math,Grade 4,1509,1666,1631,523
4,Math,Grade 4,1516,1511,1558,523
4,Math,Grade 4,1545,1616,1631,523
4,Math,Grade 4,1552,1625,1562,523
4,Math,Grade 4,1578,1644,1631,523
4,Math,Grade 4,1560,1691,1675,523
4,Math,Grade 4,1567,1625,1675,523
4,Math,Grade 4,1601,1691,1613,523
4,Math,Grade 4,1530,1590,1690,524
4,Math,Grade 4,1605,1635,1690,524
4,Math,Grade 4,1552,1625,1604,524
4,Math,Grade 4,1552,1635,1613,524
4,Math,Grade 4,1592,1666,1707,524
4,Math,Grade 4,1530,1581,1622,524
4,Math,Grade 4,1494,1607,1587,524
4,Math,Grade 4,1552,1666,1613,524
4,Math,Grade 4,1605,1635,1631,524
4,Math,Grade 4,1489,1572,1579,524
4,Math,Grade 4,1611,1655,1662,524
4,Math,Grade 4,1567,1635,1690,524
4,Math,Grade 4,1567,1655,1641,524
4,Math,Grade 4,1545,1691,1675,524
4,Math,Grade 4,1538,1666,1641,524
4,Math,Grade 4,1545,1677,1690,524
4,Math,Grade 4,1545,1666,1604,525
4,Math,Grade 4,1575,1635,1622,525
4,Math,Grade 4,1545,1635,1622,525
4,Math,Grade 4,1538,1666,1769,525
4,Math,Grade 4,1575,1644,1651,525
4,Math,Grade 4,1530,1572,1571,525
4,Math,Grade 4,1552,1625,1613,525
4,Math,Grade 4,1560,1644,1662,525
4,Math,Grade 4,1592,1677,1631,525
4,Math,Grade 4,1552,1625,1641,525
4,Math,Grade 4,1596,1706,1731,525
4,Math,Grade 4,1583,1666,1613,525
4,Math,Grade 4,1587,1677,1675,525
4,Math,Grade 4,1552,1553,1662,525
4,Math,Grade 4,1545,1590,1554,525
4,Math,Grade 4,1545,1666,1596,525
4,Math,Grade 4,1552,1655,1662,526
4,Math,Grade 4,1587,1655,1707,526
4,Math,Grade 4,1538,1644,1631,526
4,Math,Grade 4,1567,1666,1622,526
4,Math,Grade 4,1552,1644,1596,526
4,Math,Grade 4,1538,1655,1641,526
4,Math,Grade 4,1538,1655,1613,526
4,Math,Grade 4,1530,1635,1587,526
4,Math,Grade 4,1569,1607,1641,526
4,Math,Grade 4,1538,1590,1622,526
4,Math,Grade 4,1567,1599,1604,526
4,Math,Grade 4,1592,1677,1651,526
4,Math,Grade 4,1560,1666,1662,526
4,Math,Grade 4,1592,1635,1641,527
4,Math,Grade 4,1487,1616,1604,527
4,Math,Grade 4,1545,1625,1662,527
4,Math,Grade 4,1523,1607,1675,527
4,Math,Grade 4,1583,1677,1675,527
4,Math,Grade 4,1552,1590,1604,527
4,Math,Grade 4,1538,1607,1554,527
4,Math,Grade 4,1516,1561,1651,527
4,Math,Grade 4,1538,1599,1566,527
4,Math,Grade 4,1623,1748,1769,527
4,Math,Grade 4,1552,1590,1613,527
4,Math,Grade 4,1583,1655,1641,527
4,Math,Grade 4,1583,1635,1675,527
4,Math,Grade 4,1587,1625,1631,527
4,Math,Grade 4,1575,1655,1690,528
4,Math,Grade 4,1596,1666,1604,528
4,Math,Grade 4,1538,1644,1596,528
4,Math,Grade 4,1538,1655,1631,528
4,Math,Grade 4,1567,1625,1562,528
4,Math,Grade 4,1575,1635,1613,528
4,Math,Grade 4,1611,1635,1622,528
4,Math,Grade 4,1575,1616,1631,528
4,Math,Grade 4,1552,1616,1613,528
4,Math,Grade 4,1552,1677,1731,528
4,Math,Grade 4,1501,1616,1662,528
4,Math,Grade 4,1583,1706,1675,528
4,Math,Grade 4,1560,1666,1662,529
4,Math,Grade 4,1545,1706,1675,529
4,Math,Grade 4,1523,1552,1662,529
4,Math,Grade 4,1605,1625,1613,529
4,Math,Grade 4,1545,1572,1571,529
4,Math,Grade 4,1596,1724,1631,529
4,Math,Grade 4,1530,1625,1613,529
4,Math,Grade 4,1552,1644,1587,529
4,Math,Grade 4,1592,1625,1675,529
4,Math,Grade 4,1605,1644,1675,529
4,Math,Grade 4,1567,1691,1675,529
4,Math,Grade 4,1552,1644,1613,529
4,Math,Grade 4,1545,1635,1613,529
4,Math,Grade 4,1632,1635,1662,529
4,Math,Grade 4,1592,1677,1641,530
4,Math,Grade 4,1530,1625,1631,530
4,Math,Grade 4,1596,1625,1596,530
4,Math,Grade 4,1560,1625,1707,530
4,Math,Grade 4,1583,1706,1651,530
4,Math,Grade 4,1545,1625,1631,530
4,Math,Grade 4,1567,1625,1587,530
4,Math,Grade 4,1545,1616,1675,530
4,Math,Grade 4,1596,1666,1631,530
4,Math,Grade 4,1575,1644,1651,530
4,Math,Grade 4,1552,1666,1675,530
4,Math,Grade 4,1530,1616,1613,530
4,Math,Grade 4,1538,1590,1651,530
4,Math,Grade 4,1592,1724,1675,530
4,Math,Grade 4,1538,1607,1641,530
4,Math,Grade 4,1583,1706,1707,531
4,Math,Grade 4,1575,1655,1604,531
4,Math,Grade 4,1538,1635,1651,531
4,Math,Grade 4,1545,1590,1545,531
4,Math,Grade 4,1592,1635,1651,531
4,Math,Grade 4,1552,1625,1622,531
4,Math,Grade 4,1552,1599,1587,531
4,Math,Grade 4,1583,1691,1675,531
4,Math,Grade 4,1458,1485,1613,531
4,Math,Grade 4,1517,1569,1631,531
4,Math,Grade 4,1545,1599,1587,531
4,Math,Grade 4,1601,1616,1631,531
4,Math,Grade 4,1545,1625,1651,531
4,Math,Grade 4,1632,1691,1690,531
4,Math,Grade 4,1560,1635,1631,532
4,Math,Grade 4,1552,1625,1622,532
4,Math,Grade 4,1596,1635,1631,532
4,Math,Grade 4,1552,1616,1604,532
4,Math,Grade 4,1538,1607,1641,532
4,Math,Grade 4,1552,1616,1587,532
4,Math,Grade 4,1596,1544,1554,532
4,Math,Grade 4,1601,1666,1641,532
4,Math,Grade 4,1567,1644,1596,533
4,Math,Grade 4,1587,1635,1731,533
4,Math,Grade 4,1605,1706,1662,533
4,Math,Grade 4,1614,1666,1613,533
4,Math,Grade 4,1560,1616,1622,533
4,Math,Grade 4,1560,1655,1631,533
4,Math,Grade 4,1552,1677,1675,533
4,Math,Grade 4,1523,1616,1613,533
4,Math,Grade 4,1560,1666,1596,533
4,Math,Grade 4,1552,1616,1622,533
4,Math,Grade 4,1583,1655,1675,533
4,Math,Grade 4,1623,1635,1662,533
4,Math,Grade 4,1545,1599,1604,533
4,Math,Grade 4,1516,1625,1604,533
4,Math,Grade 4,1545,1616,1613,533
4,Math,Grade 4,1552,1666,1769,534
4,Math,Grade 4,1567,1616,1651,534
4,Math,Grade 4,1592,1655,1641,534
4,Math,Grade 4,1560,1599,1622,534
4,Math,Grade 4,1623,1748,1641,534
4,Math,Grade 4,1538,1527,1622,534
4,Math,Grade 4,1538,1644,1651,535
4,Math,Grade 4,1675,1724,1613,535
4,Math,Grade 4,1560,1644,1690,535
4,Math,Grade 4,1567,1644,1631,535
4,Math,Grade 4,1545,1590,1622,535
4,Math,Grade 4,1623,1691,1707,535
4,Math,Grade 4,1560,1590,1641,535
4,Math,Grade 4,1575,1666,1690,536
4,Math,Grade 4,1623,1706,1707,536
4,Math,Grade 4,1545,1635,1662,536
4,Math,Grade 4,1567,1655,1641,536
4,Math,Grade 4,1552,1625,1675,536
4,Math,Grade 4,1509,1563,1596,536
4,Math,Grade 4,1509,1635,1587,536
4,Math,Grade 4,1587,1644,1641,536
4,Math,Grade 4,1545,1666,1651,536
4,Math,Grade 4,1533,1644,1641,537
4,Math,Grade 4,1583,1655,1707,537
4,Math,Grade 4,1545,1644,1562,537
4,Math,Grade 4,1545,1635,1622,537
4,Math,Grade 4,1583,1655,1662,537
4,Math,Grade 4,1530,1553,1571,537
4,Math,Grade 4,1530,1581,1587,537
4,Math,Grade 4,1530,1607,1604,537
4,Math,Grade 4,1583,1655,1675,538
4,Math,Grade 4,1516,1599,1613,538
4,Math,Grade 4,1583,1666,1651,538
4,Math,Grade 4,1592,1616,1675,538
4,Math,Grade 4,1632,1677,1731,538
4,Math,Grade 4,1511,1465,1500,538
4,Math,Grade 4,1538,1572,1622,538
4,Math,Grade 4,1545,1644,1604,538
4,Math,Grade 4,1560,1644,1662,539
4,Math,Grade 4,1583,1655,1651,539
4,Math,Grade 4,1575,1635,1651,539
4,Math,Grade 4,1583,1706,1707,539
4,Math,Grade 4,1567,1644,1675,539
4,Math,Grade 4,1575,1677,1662,539
4,Math,Grade 4,1575,1655,1651,539
4,Math,Grade 4,1583,1677,1690,539
4,Math,Grade 4,1552,1644,1641,539
4,Math,Grade 4,1623,1635,1675,539
4,Math,Grade 4,1569,1655,1675,539
4,Math,Grade 4,1523,1607,1613,539
4,Math,Grade 4,1567,1572,1622,539
4,Math,Grade 4,1596,1691,1631,540
4,Math,Grade 4,1501,1644,1651,540
4,Math,Grade 4,1583,1607,1651,540
4,Math,Grade 4,1614,1666,1622,540
4,Math,Grade 4,1575,1706,1662,540
4,Math,Grade 4,1560,1616,1707,540
4,Math,Grade 4,1575,1607,1651,540
4,Math,Grade 4,1552,1590,1587,540
4,Math,Grade 4,1560,1625,1675,540
4,Math,Grade 4,1605,1644,1651,541
4,Math,Grade 4,1614,1706,1675,541
4,Math,Grade 4,1583,1677,1690,541
4,Math,Grade 4,1575,1625,1662,541
4,Math,Grade 4,1567,1644,1604,541
4,Math,Grade 4,1517,1666,1651,541
4,Math,Grade 4,1560,1625,1604,541
4,Math,Grade 4,1583,1599,1675,541
4,Math,Grade 4,1575,1706,1690,541
4,Math,Grade 4,1552,1599,1587,541
4,Math,Grade 4,1530,1635,1651,541
4,Math,Grade 4,1623,1724,1707,541
4,Math,Grade 4,1538,1655,1675,542
4,Math,Grade 4,1587,1655,1675,542
4,Math,Grade 4,1623,1677,1613,542
4,Math,Grade 4,1545,1644,1641,542
4,Math,Grade 4,1552,1616,1566,542
4,Math,Grade 4,1501,1590,1613,542
4,Math,Grade 4,1560,1655,1690,542
4,Math,Grade 4,1560,1677,1622,543
4,Math,Grade 4,1632,1666,1662,543
4,Math,Grade 4,1560,1677,1622,543
4,Math,Grade 4,1601,1706,1641,543
4,Math,Grade 4,1560,1599,1550,543
4,Math,Grade 4,1605,1706,1731,543
4,Math,Grade 4,1592,1724,1651,543
4,Math,Grade 4,1614,1677,1707,543
4,Math,Grade 4,1605,1655,1641,543
4,Math,Grade 4,1560,1625,1631,543
4,Math,Grade 4,1560,1644,1596,544
4,Math,Grade 4,1552,1599,1604,544
4,Math,Grade 4,1575,1706,1662,544
4,Math,Grade 4,1614,1724,1690,544
4,Math,Grade 4,1560,1625,1675,544
4,Math,Grade 4,1552,1655,1651,544
4,Math,Grade 4,1523,1625,1662,544
4,Math,Grade 4,1575,1625,1622,545
4,Math,Grade 4,1605,1655,1690,545
4,Math,Grade 4,1575,1590,1662,545
4,Math,Grade 4,1652,1666,1631,545
4,Math,Grade 4,1509,1625,1662,545
4,Math,Grade 4,1545,1666,1562,545
4,Math,Grade 4,1596,1655,1641,546
4,Math,Grade 4,1575,1635,1631,546
4,Math,Grade 4,1663,1635,1662,546
4,Math,Grade 4,1538,1635,1622,546
4,Math,Grade 4,1605,1644,1622,546
4,Math,Grade 4,1583,1666,1631,546
4,Math,Grade 4,1632,1724,1769,547
4,Math,Grade 4,1634,1748,1690,547
4,Math,Grade 4,1623,1787,1707,547
4,Math,Grade 4,1538,1706,1769,547
4,Math,Grade 4,1552,1616,1641,547
4,Math,Grade 4,1575,1677,1662,547
4,Math,Grade 4,1632,1655,1675,547
4,Math,Grade 4,1632,1644,1707,547
4,Math,Grade 4,1545,1666,1622,547
4,Math,Grade 4,1632,1625,1651,547
4,Math,Grade 4,1545,1572,1631,548
4,Math,Grade 4,1592,1677,1690,548
4,Math,Grade 4,1632,1706,1731,548
4,Math,Grade 4,1642,1677,1675,548
4,Math,Grade 4,1652,1691,1675,548
4,Math,Grade 4,1567,1666,1690,548
4,Math,Grade 4,1575,1666,1651,548
4,Math,Grade 4,1614,1666,1651,548
4,Math,Grade 4,1632,1644,1707,548
4,Math,Grade 4,1509,1655,1662,548
4,Math,Grade 4,1592,1666,1731,548
4,Math,Grade 4,1523,1590,1622,548
4,Math,Grade 4,1623,1655,1596,548
4,Math,Grade 4,1481,1616,1622,548
4,Math,Grade 4,1533,1635,1675,548
4,Math,Grade 4,1632,1691,1769,548
4,Math,Grade 4,1575,1607,1641,549
4,Math,Grade 4,1596,1644,1641,549
4,Math,Grade 4,1560,1655,1662,550
4,Math,Grade 4,1569,1599,1631,550
4,Math,Grade 4,1567,1590,1651,550
4,Math,Grade 4,1567,1655,1651,550
4,Math,Grade 4,1567,1616,1631,550
4,Math,Grade 4,1552,1635,1613,550
4,Math,Grade 4,1583,1644,1622,550
4,Math,Grade 4,1614,1691,1707,550
4,Math,Grade 4,1642,1706,1651,550
4,Math,Grade 4,1545,1581,1579,550
4,Math,Grade 4,1592,1644,1651,550
4,Math,Grade 4,1623,1666,1690,550
4,Math,Grade 4,1592,1677,1707,550
4,Math,Grade 4,1524,1616,1631,551
4,Math,Grade 4,1583,1691,1690,551
4,Math,Grade 4,1538,1607,1731,551
4,Math,Grade 4,1552,1635,1596,551
4,Math,Grade 4,1583,1655,1690,551
4,Math,Grade 4,1583,1748,1707,551
4,Math,Grade 4,1497,1599,1690,552
4,Math,Grade 4,1663,1748,1675,552
4,Math,Grade 4,1560,1581,1596,552
4,Math,Grade 4,1605,1635,1613,552
4,Math,Grade 4,1663,1787,1707,552
4,Math,Grade 4,1592,1644,1662,552
4,Math,Grade 4,1587,1706,1690,553
4,Math,Grade 4,1622,1748,1707,554
4,Math,Grade 4,1583,1616,1675,554
4,Math,Grade 4,1605,1677,1662,554
4,Math,Grade 4,1538,1581,1651,554
4,Math,Grade 4,1530,1625,1651,554
4,Math,Grade 4,1614,1581,1613,554
4,Math,Grade 4,1605,1655,1675,554
4,Math,Grade 4,1587,1724,1731,555
4,Math,Grade 4,1601,1644,1690,555
4,Math,Grade 4,1575,1655,1631,555
4,Math,Grade 4,1611,1666,1690,555
4,Math,Grade 4,1632,1677,1690,555
4,Math,Grade 4,1675,1748,1731,556
4,Math,Grade 4,1523,1635,1651,556
4,Math,Grade 4,1623,1655,1769,556
4,Math,Grade 4,1614,1666,1641,557
4,Math,Grade 4,1575,1616,1675,557
4,Math,Grade 4,1575,1655,1707,557
4,Math,Grade 4,1688,1787,1731,557
4,Math,Grade 4,1560,1706,1731,557
4,Math,Grade 4,1583,1666,1631,557
4,Math,Grade 4,1632,1691,1631,558
4,Math,Grade 4,1583,1691,1690,558
4,Math,Grade 4,1569,1655,1651,558
4,Math,Grade 4,1652,1677,1651,559
4,Math,Grade 4,1560,1666,1641,559
4,Math,Grade 4,1634,1655,1769,559
4,Math,Grade 4,1611,1691,1662,560
4,Math,Grade 4,1642,1706,1675,560
4,Math,Grade 4,1509,1590,1707,561
4,Math,Grade 4,1552,1706,1631,562
4,Math,Grade 4,1530,1635,1604,562
4,Math,Grade 4,1583,1677,1707,562
4,Math,Grade 4,1583,1635,1641,562
4,Math,Grade 4,1622,1677,1651,563
4,Math,Grade 4,1560,1644,1662,563
4,Math,Grade 4,1688,1691,1731,563
4,Math,Grade 4,1611,1691,1769,563
4,Math,Grade 4,1552,1666,1613,563
4,Math,Grade 4,1575,1677,1690,563
4,Math,Grade 4,1526,1644,1675,564
4,Math,Grade 4,1523,1599,1622,565
4,Math,Grade 4,1652,1666,1731,565
4,Math,Grade 4,1614,1724,1731,565
4,Math,Grade 4,1583,1677,1675,566
4,Math,Grade 4,1578,1644,1690,566
4,Math,Grade 4,1632,1724,1707,566
4,Math,Grade 4,1575,1625,1675,567
4,Math,Grade 4,1587,1666,1641,567
4,Math,Grade 4,1642,1706,1769,567
4,Math,Grade 4,1567,1616,1651,567
4,Math,Grade 4,1663,1706,1675,567
4,Math,Grade 4,1545,1635,1604,567
4,Math,Grade 4,1545,1635,1631,568
4,Math,Grade 4,1702,1748,1707,568
4,Math,Grade 4,1592,1677,1675,568
4,Math,Grade 4,1642,1748,1707,568
4,Math,Grade 4,1663,1831,1831,568
4,Math,Grade 4,1575,1655,1651,569
4,Math,Grade 4,1567,1655,1675,569
4,Math,Grade 4,1538,1677,1641,569
4,Math,Grade 4,1538,1635,1690,569
4,Math,Grade 4,1583,1677,1675,570
4,Math,Grade 4,1567,1724,1651,570
4,Math,Grade 4,1583,1607,1641,570
4,Math,Grade 4,1567,1644,1622,570
4,Math,Grade 4,1623,1666,1675,570
4,Math,Grade 4,1663,1666,1631,570
4,Math,Grade 4,1587,1625,1662,570
4,Math,Grade 4,1663,1748,1831,570
4,Math,Grade 4,1623,1677,1731,571
4,Math,Grade 4,1596,1635,1651,571
4,Math,Grade 4,1545,1599,1651,571
4,Math,Grade 4,1652,1724,1731,571
4,Math,Grade 4,1632,1644,1707,572
4,Math,Grade 4,1575,1724,1707,572
4,Math,Grade 4,1538,1677,1641,572
4,Math,Grade 4,1622,1644,1707,572
4,Math,Grade 4,1575,1666,1662,573
4,Math,Grade 4,1552,1655,1707,573
4,Math,Grade 4,1592,1691,1641,573
4,Math,Grade 4,1545,1644,1731,574
4,Math,Grade 4,1622,1644,1641,574
4,Math,Grade 4,1663,1706,1731,575
4,Math,Grade 4,1592,1655,1662,575
4,Math,Grade 4,1652,1655,1675,576
4,Math,Grade 4,1601,1724,1622,576
4,Math,Grade 4,1605,1644,1662,577
4,Math,Grade 4,1611,1691,1769,578
4,Math,Grade 4,1560,1677,1675,578
4,Math,Grade 4,1583,1724,1651,579
4,Math,Grade 4,1718,1787,1690,579
4,Math,Grade 4,1605,1706,1707,579
4,Math,Grade 4,1652,1724,1662,581
4,Math,Grade 4,1601,1644,1641,582
4,Math,Grade 4,1592,1724,1731,582
4,Math,Grade 4,1592,1655,1651,582
4,Math,Grade 4,1642,1724,1731,582
4,Math,Grade 4,1611,1599,1651,582
4,Math,Grade 4,1578,1691,1831,582
4,Math,Grade 4,1614,1691,1675,583
4,Math,Grade 4,1688,1748,1707,583
4,Math,Grade 4,1560,1635,1731,584
4,Math,Grade 4,1605,1724,1731,584
4,Math,Grade 4,1560,1666,1769,585
4,Math,Grade 4,1623,1748,1707,585
4,Math,Grade 4,1675,1706,1731,585
4,Math,Grade 4,1560,1677,1675,585
4,Math,Grade 4,1623,1644,1690,585
4,Math,Grade 4,1601,1724,1831,586
4,Math,Grade 4,1623,1831,1769,586
4,Math,Grade 4,1605,1677,1631,587
4,Math,Grade 4,1552,1691,1731,588
4,Math,Grade 4,1560,1706,1769,588
4,Math,Grade 4,1652,1724,1662,589
4,Math,Grade 4,1592,1666,1690,590
4,Math,Grade 4,1583,1644,1662,590
4,Math,Grade 4,1601,1569,1662,594
4,Math,Grade 4,1587,1677,1651,594
4,Math,Grade 4,1575,1691,1641,595
4,Math,Grade 4,1605,1724,1831,595
4,Math,Grade 4,1601,1691,1662,600
4,Math,Grade 4,1567,1748,1690,600
4,Math,Grade 4,1632,1724,1707,600
4,Math,Grade 4,1675,1706,1690,600
4,Math,Grade 4,1663,1787,1831,600
4,Math,Grade 4,1560,1635,1675,600
4,Math,Grade 4,1583,1666,1675,600
4,Math,Grade 4,1592,1655,1690,600
4,Math,Grade 4,1663,1748,1731,600
4,Math,Grade 4,1652,1691,1731,600
4,Math,Grade 4,1614,1691,1707,600
4,Math,Grade 4,1623,1666,1707,600
4,Math,Grade 4,1663,1748,1769,600
4,Math,Grade 4,1575,1666,1651,600
4,Math,Grade 4,1614,1831,1731,600
4,Math,Grade 4,1583,1666,1831,600
4,Math,Grade 4,1632,1666,1769,600
4,Math,Grade 4,1596,1691,1690,600
4,Math,Grade 4,1642,1748,1604,600
4,Math,Grade 4,1605,1706,1675,600
4,Math,Grade 4,1592,1831,1690,600
4,Math,Grade 4,1601,1691,1707,600
4,Math,Grade 4,1592,1787,1731,600
4,Math,Grade 4,1552,1666,1707,600
4,Math,Grade 4,1614,1706,1707,600
4,Math,Grade 4,1652,1691,1707,600
4,Math,Grade 4,1632,1787,1831,600
4,Math,Grade 4,1622,1748,1731,600
4,Math,Grade 4,1738,1706,1769,600
4,Math,Grade 4,1583,1655,1675,600
4,Math,Grade 4,1567,1691,1690,600
4,Math,Grade 4,1575,1706,1707,600
4,Math,Grade 4,1652,1787,1707,600
4,Math,Grade 4,1702,1706,1731,600
